Exchange Date,Close,Adjusted Close,Net,%Chg,Open,Low,High,Volume,Turnover - AUD,Flow,,,,,
27-Jan-2023,0.825,,+0.020,+2.484%,0.815,0.815,0.840,"7,985,433","6,588,898.000","367,723,321.000",,,,,
25-Jan-2023,0.805,,-0.010,-1.227%,0.820,0.800,0.833,"5,305,939","4,320,438.000","361,134,423.000",,,,,
24-Jan-2023,0.815,,-0.010,-1.212%,0.835,0.810,0.840,"4,591,996","3,779,760.000","365,454,861.000",,,,,
23-Jan-2023,0.825,,+0.020,+2.484%,0.810,0.810,0.833,"4,812,941","3,957,563.000","369,234,621.000",,,,,
20-Jan-2023,0.805,,-0.005,-0.617%,0.815,0.785,0.815,"5,244,335","4,196,576.000","365,277,058.000",,,,,
19-Jan-2023,0.810,,-0.025,-2.994%,0.830,0.810,0.830,"3,743,337","3,057,820.000","369,473,634.000",,,,,
18-Jan-2023,0.835,,+0.025,+3.086%,0.815,0.815,0.843,"4,711,363","3,909,159.000","372,531,454.000",,,,,
17-Jan-2023,0.810,,0.000,0.000%,0.810,0.810,0.828,"3,989,451","3,253,353.000","368,622,295.000",,,,,
16-Jan-2023,0.810,,-0.015,-1.818%,0.825,0.810,0.840,"4,674,656","3,832,832.000","371,875,648.000",,,,,
13-Jan-2023,0.825,,-0.040,-4.624%,0.870,0.825,0.870,"7,152,385","6,050,483.000","375,708,480.000",,,,,
12-Jan-2023,0.865,,+0.025,+2.976%,0.855,0.845,0.878,"10,006,601","8,608,925.000","381,758,963.000",,,,,
11-Jan-2023,0.840,,+0.005,+0.599%,0.855,0.840,0.890,"13,611,007","11,626,066.000","373,150,038.000",,,,,
10-Jan-2023,0.835,,+0.010,+1.212%,0.840,0.820,0.895,"13,701,963","11,775,555.000","361,523,972.000",,,,,
09-Jan-2023,0.825,,-0.005,-0.602%,0.855,0.825,0.865,"6,156,506","5,175,451.000","349,748,417.000",,,,,
06-Jan-2023,0.830,,+0.055,+7.097%,0.765,0.760,0.830,"6,808,302","5,529,612.000","354,923,868.000",,,,,
05-Jan-2023,0.775,,+0.025,+3.333%,0.755,0.750,0.785,"7,922,735","6,104,473.000","349,394,256.000",,,,,
04-Jan-2023,0.750,,-0.005,-0.662%,0.755,0.740,0.775,"7,455,885","5,621,639.000","343,289,783.000",,,,,
03-Jan-2023,0.755,,-0.045,-5.625%,0.805,0.750,0.805,"6,303,879","4,840,395.000","348,911,422.000",,,,,
30-Dec-2022,0.800,,+0.045,+5.960%,0.765,0.755,0.805,"7,456,641","5,846,622.000","353,751,817.000",,,,,
29-Dec-2022,0.755,,+0.020,+2.721%,0.720,0.715,0.760,"8,000,298","5,941,686.000","347,905,195.000",,,,,
28-Dec-2022,0.735,,-0.035,-4.545%,0.760,0.725,0.765,"8,117,609","6,012,920.000","341,963,509.000",,,,,
23-Dec-2022,0.770,,-0.040,-4.938%,0.785,0.755,0.790,"8,423,673","6,453,359.000","347,976,429.000",,,,,
22-Dec-2022,0.810,,+0.030,+3.846%,0.795,0.790,0.820,"12,083,691","9,722,688.000","354,429,788.000",,,,,
21-Dec-2022,0.780,,-0.010,-1.266%,0.800,0.780,0.820,"10,258,249","8,165,997.000","344,707,100.000",,,,,
20-Dec-2022,0.790,,-0.055,-6.509%,0.830,0.780,0.830,"10,707,622","8,574,181.000","352,873,097.000",,,,,
19-Dec-2022,0.845,,+0.005,+0.595%,0.840,0.830,0.865,"6,820,701","5,787,117.000","361,447,278.000",,,,,
16-Dec-2022,0.840,,-0.025,-2.890%,0.845,0.820,0.865,"15,857,053","13,366,962.000","355,660,161.000",,,,,
15-Dec-2022,0.865,,-0.020,-2.260%,0.880,0.840,0.890,"13,555,352","11,748,382.000","369,027,123.000",,,,,
14-Dec-2022,0.885,,-0.020,-2.210%,0.915,0.885,0.920,"8,955,252","8,038,732.000","380,775,505.000",,,,,
13-Dec-2022,0.905,,-0.030,-3.209%,0.950,0.905,0.955,"5,514,645","5,079,109.000","388,814,237.000",,,,,
12-Dec-2022,0.935,,-0.005,-0.532%,0.935,0.900,0.940,"8,248,902","7,593,138.000","393,893,346.000",,,,,
09-Dec-2022,0.940,,0.000,0.000%,0.950,0.920,0.960,"6,912,448","6,473,776.000","401,486,484.000",,,,,
08-Dec-2022,0.940,,-0.035,-3.590%,0.975,0.940,0.980,"6,033,348","5,760,971.000","407,960,260.000",,,,,
07-Dec-2022,0.975,,+0.005,+0.515%,0.965,0.950,0.975,"4,549,638","4,399,456.000","413,721,231.000",,,,,
06-Dec-2022,0.970,,-0.030,-3.000%,0.985,0.970,0.995,"6,966,959","6,806,161.000","409,321,775.000",,,,,
05-Dec-2022,1.000,,-0.030,-2.913%,1.040,1.000,1.045,"4,338,043","4,393,384.000","416,127,936.000",,,,,
02-Dec-2022,1.030,,+0.025,+2.488%,1.005,0.995,1.030,"4,534,545","4,610,915.000","420,521,320.000",,,,,
01-Dec-2022,1.005,,+0.005,+0.500%,1.030,0.985,1.040,"7,988,547","8,085,320.000","415,910,405.000",,,,,
30-Nov-2022,1.000,,+0.050,+5.263%,0.955,0.930,1.000,"13,067,454","12,778,421.000","407,825,085.000",,,,,
29-Nov-2022,0.950,,+0.015,+1.604%,0.940,0.905,0.955,"10,578,150","9,853,370.000","395,046,664.000",,,,,
28-Nov-2022,0.935,,-0.050,-5.076%,0.985,0.930,0.990,"12,888,544","12,303,634.000","385,193,294.000",,,,,
25-Nov-2022,0.985,,-0.060,-5.742%,1.050,0.985,1.055,"10,261,083","10,330,019.000","397,496,928.000",,,,,
24-Nov-2022,1.045,,0.000,0.000%,1.050,1.040,1.060,"4,231,079","4,438,487.000","407,826,947.000",,,,,
23-Nov-2022,1.045,,+0.010,+0.966%,1.045,1.040,1.055,"5,580,266","5,841,165.000","403,388,460.000",,,,,
22-Nov-2022,1.035,,-0.005,-0.481%,1.050,1.035,1.060,"8,136,440","8,502,825.000","397,547,295.000",,,,,
21-Nov-2022,1.040,,-0.010,-0.952%,1.085,1.040,1.110,"10,270,298","10,987,629.000","406,050,120.000",,,,,
18-Nov-2022,1.050,,-0.005,-0.474%,1.055,1.040,1.063,"5,110,904","5,369,676.000","417,037,749.000",,,,,
17-Nov-2022,1.055,,-0.015,-1.402%,1.070,1.055,1.080,"7,561,122","8,029,500.000","422,407,425.000",,,,,
16-Nov-2022,1.070,,-0.015,-1.382%,1.090,1.060,1.105,"14,540,674","15,713,534.000","430,436,925.000",,,,,
15-Nov-2022,1.085,,-0.090,-7.660%,1.160,1.080,1.160,"21,295,174","23,500,363.000","446,150,459.000",,,,,
14-Nov-2022,1.175,,+0.055,+4.911%,1.130,1.125,1.195,"22,900,329","26,695,179.000","469,650,822.000",,,,,
11-Nov-2022,1.120,,+0.050,+4.673%,1.120,1.105,1.140,"16,110,685","18,073,511.000","442,955,643.000",,,,,
10-Nov-2022,1.070,,-0.040,-3.604%,1.080,1.065,1.090,"10,423,312","11,197,916.000","424,882,132.000",,,,,
09-Nov-2022,1.110,,-0.010,-0.893%,1.135,1.105,1.145,"12,198,528","13,701,236.000","436,080,048.000",,,,,
08-Nov-2022,1.120,,-0.025,-2.183%,1.150,1.110,1.165,"20,695,977","23,605,950.000","449,781,284.000",,,,,
07-Nov-2022,1.145,,+0.070,+6.512%,1.100,1.065,1.175,"26,569,616","29,822,123.000","473,387,234.000",,,,,
04-Nov-2022,1.075,,+0.025,+2.381%,1.060,1.053,1.095,"15,286,143","16,398,968.000","443,565,111.000",,,,,
03-Nov-2022,1.050,,-0.065,-5.830%,1.080,1.045,1.095,"17,721,934","18,888,918.000","427,166,143.000",,,,,
02-Nov-2022,1.115,,+0.055,+5.189%,1.115,1.100,1.205,"36,795,737","42,206,767.000","446,055,061.000",,,,,
01-Nov-2022,1.060,,0.000,0.000%,1.050,1.040,1.095,"12,268,770","13,120,445.000","403,848,294.000",,,,,
31-Oct-2022,1.060,,+0.075,+7.614%,1.010,1.000,1.060,"15,672,619","16,082,574.000","390,727,849.000",,,,,
28-Oct-2022,0.985,,-0.070,-6.635%,1.050,0.985,1.055,"10,117,653","10,241,523.000","374,645,275.000",,,,,
27-Oct-2022,1.055,,+0.010,+0.957%,1.045,1.035,1.065,"8,108,759","8,538,506.000","384,886,798.000",,,,,
26-Oct-2022,1.045,,-0.005,-0.476%,1.075,1.035,1.095,"11,189,497","11,938,785.000","376,348,292.000",,,,,
25-Oct-2022,1.050,,-0.030,-2.778%,1.080,1.050,1.090,"11,927,680","12,719,481.000","388,287,077.000",,,,,
24-Oct-2022,1.080,,+0.030,+2.857%,1.095,1.065,1.105,"14,112,221","15,327,779.000","401,006,558.000",,,,,
21-Oct-2022,1.050,,+0.010,+0.962%,1.045,1.035,1.065,"6,485,654","6,819,627.000","385,678,779.000",,,,,
20-Oct-2022,1.040,,-0.035,-3.256%,1.070,1.040,1.090,"10,723,507","11,357,190.000","378,859,152.000",,,,,
19-Oct-2022,1.075,,-0.015,-1.376%,1.085,1.065,1.110,"14,469,332","15,660,772.000","390,216,342.000",,,,,
18-Oct-2022,1.090,,+0.085,+8.458%,1.025,1.025,1.100,"22,616,995","24,026,383.000","405,877,114.000",,,,,
17-Oct-2022,1.005,,+0.030,+3.077%,0.970,0.960,1.005,"9,640,990","9,534,021.000","381,850,731.000",,,,,
14-Oct-2022,0.975,,-0.005,-0.510%,1.010,0.975,1.020,"7,385,304","7,361,228.000","372,316,710.000",,,,,
13-Oct-2022,0.980,,-0.030,-2.970%,0.995,0.970,0.995,"9,308,926","9,160,147.000","379,677,938.000",,,,,
12-Oct-2022,1.010,,+0.020,+2.020%,1.035,0.990,1.050,"17,117,054","17,398,344.000","388,838,085.000",,,,,
11-Oct-2022,0.990,,-0.005,-0.503%,1.010,0.990,1.025,"7,936,434","7,975,080.000","371,439,741.000",,,,,
10-Oct-2022,0.995,,-0.020,-1.970%,0.990,0.973,1.010,"12,414,987","12,330,114.000","379,414,821.000",,,,,
07-Oct-2022,1.015,,-0.010,-0.976%,1.020,1.010,1.035,"12,396,359","12,627,105.000","391,744,935.000",,,,,
06-Oct-2022,1.025,,+0.020,+1.990%,1.080,1.025,1.105,"27,806,623","29,735,516.000","404,372,040.000",,,,,
05-Oct-2022,1.005,,-0.020,-1.951%,1.075,1.005,1.095,"18,634,961","19,387,669.000","374,636,524.000",,,,,
04-Oct-2022,1.025,,+0.130,+14.525%,0.920,0.915,1.030,"23,898,540","23,283,742.000","394,024,193.000",,,,,
03-Oct-2022,0.895,,0.000,0.000%,0.895,0.845,0.920,"12,944,572","11,413,593.000","370,740,451.000",,,,,
30-Sep-2022,0.895,,-0.020,-2.186%,0.900,0.870,0.900,"16,353,302","14,479,136.000","382,154,044.000",,,,,
29-Sep-2022,0.915,,-0.005,-0.543%,0.955,0.915,0.965,"15,281,021","14,345,237.000","396,633,180.000",,,,,
28-Sep-2022,0.920,,-0.025,-2.646%,0.960,0.905,0.960,"13,328,207","12,343,254.000","410,978,417.000",,,,,
27-Sep-2022,0.945,,+0.040,+4.420%,0.915,0.915,0.958,"14,518,658","13,532,914.000","423,321,671.000",,,,,
26-Sep-2022,0.905,,-0.085,-8.586%,0.955,0.905,0.960,"20,155,214","18,544,291.000","409,788,757.000",,,,,
23-Sep-2022,0.990,,-0.070,-6.604%,1.040,0.985,1.055,"17,087,941","17,238,877.000","428,333,048.000",,,,,
21-Sep-2022,1.060,,+0.010,+0.952%,1.020,1.010,1.070,"16,322,453","16,949,439.000","445,571,925.000",,,,,
20-Sep-2022,1.050,,+0.005,+0.478%,1.100,1.003,1.110,"24,004,104","25,338,197.000","428,622,486.000",,,,,
19-Sep-2022,1.045,,+0.115,+12.366%,1.015,1.015,1.135,"50,001,554","53,566,579.000","403,284,289.000",,,,,
16-Sep-2022,0.930,,+0.005,+0.541%,0.880,0.870,0.930,"48,892,859","44,361,229.000","349,717,710.000",,,,,
15-Sep-2022,0.925,,-0.135,-12.736%,1.070,0.918,1.100,"54,082,671","53,832,180.000","305,356,481.000",,,,,
14-Sep-2022,1.060,,-0.210,-16.535%,1.050,1.015,1.145,"50,614,761","54,853,311.000","359,188,661.000",,,,,
13-Sep-2022,1.270,,+0.010,+0.794%,1.265,1.260,1.310,"15,814,288","20,266,674.000","414,041,972.000",,,,,
12-Sep-2022,1.260,,-0.035,-2.703%,1.330,1.260,1.340,"15,689,713","20,263,942.000","393,775,298.000",,,,,
09-Sep-2022,1.295,,-0.045,-3.358%,1.370,1.265,1.405,"26,716,551","35,680,645.000","414,039,240.000",,,,,
08-Sep-2022,1.340,,+0.130,+10.744%,1.250,1.230,1.350,"28,294,263","36,397,288.000","449,719,885.000",,,,,
07-Sep-2022,1.210,,+0.005,+0.415%,1.280,1.210,1.290,"26,948,455","33,474,299.000","413,322,597.000",,,,,
06-Sep-2022,1.205,,+0.105,+9.545%,1.110,1.105,1.210,"18,141,997","21,319,858.000","379,848,298.000",,,,,
05-Sep-2022,1.100,,+0.040,+3.774%,1.070,1.050,1.110,"10,867,520","11,799,266.000","358,528,440.000",,,,,
02-Sep-2022,1.060,,-0.075,-6.608%,1.130,1.060,1.148,"12,244,502","13,341,458.000","346,729,174.000",,,,,
01-Sep-2022,1.135,,-0.035,-2.991%,1.140,1.135,1.180,"13,234,768","15,254,959.000","360,070,632.000",,,,,
31-Aug-2022,1.170,,+0.050,+4.464%,1.085,1.080,1.170,"17,390,433","19,606,538.000","375,325,591.000",,,,,
30-Aug-2022,1.120,,+0.055,+5.164%,1.075,1.065,1.130,"17,938,112","19,692,717.000","355,719,053.000",,,,,
29-Aug-2022,1.065,,-0.120,-10.127%,1.120,1.055,1.125,"21,821,463","23,811,850.000","336,026,336.000",,,,,
26-Aug-2022,1.185,,-0.020,-1.660%,1.225,1.180,1.243,"13,662,685","16,436,046.000","359,838,186.000",,,,,
25-Aug-2022,1.205,,-0.020,-1.633%,1.255,1.200,1.275,"16,825,890","20,817,514.000","376,274,232.000",,,,,
24-Aug-2022,1.225,,+0.050,+4.255%,1.220,1.170,1.240,"21,991,943","26,508,863.000","397,091,746.000",,,,,
23-Aug-2022,1.175,,-0.035,-2.893%,1.185,1.170,1.280,"20,632,162","25,111,560.000","370,582,883.000",,,,,
22-Aug-2022,1.210,,0.000,0.000%,1.175,1.155,1.243,"17,247,821","20,714,354.000","395,694,443.000",,,,,
19-Aug-2022,1.210,,+0.020,+1.681%,1.225,1.190,1.285,"23,018,158","28,315,510.000","374,980,089.000",,,,,
18-Aug-2022,1.190,,-0.075,-5.929%,1.210,1.180,1.240,"22,328,438","26,912,181.000","346,664,579.000",,,,,
17-Aug-2022,1.265,,-0.075,-5.597%,1.310,1.158,1.315,"43,034,716","53,499,544.000","373,576,760.000",,,,,
16-Aug-2022,1.340,,-0.120,-8.219%,1.465,1.325,1.470,"23,258,476","32,285,699.000","427,076,304.000",,,,,
15-Aug-2022,1.460,,+0.080,+5.797%,1.480,1.420,1.505,"26,706,893","39,040,096.000","459,362,003.000",,,,,
12-Aug-2022,1.380,,-0.215,-13.480%,1.490,1.360,1.555,"55,798,261","81,518,325.000","420,321,907.000",,,,,
11-Aug-2022,1.595,,+0.275,+20.833%,1.420,1.420,1.595,"74,150,907","111,786,389.000","501,840,232.000",,,,,
10-Aug-2022,1.320,,+0.080,+6.452%,1.265,1.200,1.350,"45,227,871","58,310,973.000","390,053,843.000",,,,,
09-Aug-2022,1.240,,+0.165,+15.349%,1.125,1.110,1.383,"90,951,026","113,294,397.000","331,742,870.000",,,,,
08-Aug-2022,1.075,,+0.145,+15.591%,0.940,0.920,1.080,"35,509,266","35,569,374.000","218,448,473.000",,,,,
05-Aug-2022,0.930,,+0.035,+3.911%,0.910,0.895,0.940,"18,054,910","16,596,237.000","182,879,099.000",,,,,
04-Aug-2022,0.895,,+0.005,+0.562%,0.910,0.875,0.940,"29,100,666","26,400,464.000","166,282,862.000",,,,,
03-Aug-2022,0.890,,+0.085,+10.559%,0.800,0.780,0.900,"26,073,582","22,115,142.000","139,882,398.000",,,,,
02-Aug-2022,0.805,,-0.025,-3.012%,0.830,0.790,0.838,"16,624,399","13,454,683.000","117,767,256.000",,,,,
01-Aug-2022,0.830,,+0.020,+2.469%,0.835,0.828,0.935,"36,484,035","31,926,569.000","131,221,939.000",,,,,
29-Jul-2022,0.810,,+0.035,+4.516%,0.810,0.780,0.835,"20,160,304","16,191,650.000","99,295,370.000",,,,,
28-Jul-2022,0.775,,+0.035,+4.730%,0.765,0.750,0.800,"26,739,750","20,670,916.000","83,103,720.000",,,,,
27-Jul-2022,0.740,,+0.010,+1.370%,0.725,0.710,0.755,"14,574,175","10,744,472.000","62,432,804.000",,,,,
26-Jul-2022,0.730,,+0.040,+5.797%,0.695,0.690,0.730,"21,434,787","15,328,985.000","51,688,332.000",,,,,
25-Jul-2022,0.690,,-0.010,-1.429%,0.710,0.680,0.715,"16,290,962","11,360,541.000","36,359,347.000",,,,,
22-Jul-2022,0.700,,-0.045,-6.040%,0.770,0.700,0.770,"24,545,269","17,745,726.000","47,719,888.000",,,,,
21-Jul-2022,0.745,,+0.045,+6.429%,0.705,0.700,0.770,"37,834,858","28,156,925.000","65,465,614.000",,,,,
20-Jul-2022,0.700,,-0.010,-1.408%,0.755,0.693,0.775,"41,657,295","29,840,030.000","37,308,689.000",,,,,
19-Jul-2022,0.710,,+0.085,+13.600%,0.615,0.615,0.715,"35,144,631","23,962,001.000","67,148,719.000",,,,,
18-Jul-2022,0.625,,+0.020,+3.306%,0.620,0.600,0.635,"20,707,423","12,801,166.000","43,186,718.000",,,,,
15-Jul-2022,0.605,,0.000,0.000%,0.590,0.585,0.623,"25,725,029","15,496,211.000","30,385,552.000",,,,,
14-Jul-2022,0.605,,-0.070,-10.370%,0.590,0.545,0.655,"80,245,786","47,865,958.000","45,881,763.000",,,,,
11-Jul-2022,0.675,,-0.045,-6.250%,0.725,0.675,0.725,"22,421,156","15,580,632.000","93,747,721.000",,,,,
08-Jul-2022,0.720,,+0.020,+2.857%,0.730,0.718,0.760,"25,238,574","18,664,922.000","109,328,353.000",,,,,
07-Jul-2022,0.700,,-0.015,-2.098%,0.720,0.670,0.725,"21,449,697","14,852,788.000","90,663,431.000",,,,,
06-Jul-2022,0.715,,-0.045,-5.921%,0.760,0.710,0.760,"16,202,401","11,861,365.000","105,516,219.000",,,,,
05-Jul-2022,0.760,,+0.025,+3.401%,0.725,0.725,0.775,"14,067,723","10,577,454.000","117,377,584.000",,,,,
04-Jul-2022,0.735,,-0.025,-3.289%,0.780,0.725,0.810,"19,132,779","14,514,001.000","106,800,130.000",,,,,
01-Jul-2022,0.760,,-0.025,-3.185%,0.790,0.755,0.805,"19,911,503","15,386,175.000","121,314,131.000",,,,,
30-Jun-2022,0.785,,-0.010,-1.258%,0.770,0.765,0.840,"21,000,778","16,706,678.000","136,700,306.000",,,,,
29-Jun-2022,0.795,,-0.035,-4.217%,0.840,0.780,0.860,"25,098,316","20,459,869.000","153,406,984.000",,,,,
28-Jun-2022,0.830,,-0.035,-4.046%,0.865,0.820,0.875,"20,006,331","16,795,116.000","173,866,853.000",,,,,
27-Jun-2022,0.865,,+0.060,+7.453%,0.890,0.835,0.895,"42,055,933","36,379,953.000","190,661,969.000",,,,,
24-Jun-2022,0.805,,+0.105,+15.000%,0.750,0.720,0.865,"92,099,243","73,773,218.000","154,282,016.000",,,,,
23-Jun-2022,0.700,,-0.140,-16.667%,0.800,0.675,0.855,"101,912,743","75,230,519.000","80,508,798.000",,,,,
22-Jun-2022,0.840,,-0.130,-13.402%,0.940,0.785,0.980,"107,088,575","92,492,449.000","155,739,317.000",,,,,
21-Jun-2022,0.970,,-0.385,-28.413%,1.360,0.950,1.375,"63,221,077","70,896,925.000","248,231,766.000",,,,,
20-Jun-2022,1.355,,-0.215,-13.694%,1.590,1.320,1.605,"21,268,980","30,073,758.000","319,128,691.000",,,,,
17-Jun-2022,1.570,,-0.095,-5.706%,1.590,1.530,1.630,"94,443,526","148,420,304.000","349,202,449.000",,,,,
16-Jun-2022,1.665,,+0.145,+9.539%,1.555,1.555,1.695,"27,025,617","44,337,526.000","497,622,753.000",,,,,
15-Jun-2022,1.520,,-0.070,-4.403%,1.550,1.485,1.600,"24,081,933","37,121,544.000","453,285,227.000",,,,,
14-Jun-2022,1.590,,+0.190,+13.571%,1.305,1.300,1.620,"46,367,840","68,362,123.000","490,406,771.000",,,,,
10-Jun-2022,1.400,,+0.075,+5.660%,1.300,1.290,1.400,"18,034,942","24,298,908.000","422,044,648.000",,,,,
09-Jun-2022,1.325,,-0.125,-8.621%,1.440,1.325,1.440,"14,429,994","19,649,908.000","397,745,740.000",,,,,
08-Jun-2022,1.450,,-0.015,-1.024%,1.490,1.445,1.525,"9,433,471","13,849,765.000","417,395,648.000",,,,,
07-Jun-2022,1.465,,+0.055,+3.901%,1.435,1.420,1.515,"14,240,421","21,071,037.000","431,245,413.000",,,,,
06-Jun-2022,1.410,,-0.025,-1.742%,1.435,1.375,1.435,"8,819,230","12,418,178.000","410,174,376.000",,,,,
03-Jun-2022,1.435,,+0.110,+8.302%,1.405,1.400,1.470,"15,237,410","21,971,381.000","422,592,554.000",,,,,
02-Jun-2022,1.325,,-0.025,-1.852%,1.310,1.285,1.365,"22,612,709","29,983,672.000","400,621,173.000",,,,,
01-Jun-2022,1.350,,-0.200,-12.903%,1.520,1.325,1.530,"24,599,672","34,520,900.000","430,604,845.000",,,,,
31-May-2022,1.550,,+0.060,+4.027%,1.495,1.470,1.560,"63,300,270","97,675,357.000","465,125,745.000",,,,,
30-May-2022,1.490,,+0.065,+4.561%,1.485,1.470,1.560,"16,414,104","24,791,794.000","367,450,388.000",,,,,
27-May-2022,1.425,,-0.035,-2.397%,1.515,1.420,1.515,"12,036,537","17,652,958.000","342,658,594.000",,,,,
26-May-2022,1.460,,+0.040,+2.817%,1.450,1.405,1.510,"14,508,786","21,293,681.000","360,311,552.000",,,,,
25-May-2022,1.420,,-0.020,-1.389%,1.445,1.400,1.475,"8,690,193","12,368,112.000","339,017,871.000",,,,,
24-May-2022,1.440,,-0.065,-4.319%,1.550,1.440,1.560,"12,854,080","19,193,560.000","351,385,983.000",,,,,
23-May-2022,1.505,,-0.005,-0.331%,1.550,1.490,1.595,"12,254,597","18,813,879.000","370,579,543.000",,,,,
20-May-2022,1.510,,+0.105,+7.473%,1.450,1.400,1.515,"22,780,404","33,030,828.000","389,393,422.000",,,,,
19-May-2022,1.405,,-0.095,-6.333%,1.430,1.370,1.450,"13,303,451","18,841,600.000","356,362,594.000",,,,,
18-May-2022,1.500,,+0.040,+2.740%,1.510,1.480,1.555,"14,980,324","22,493,784.000","375,204,194.000",,,,,
17-May-2022,1.460,,+0.015,+1.038%,1.465,1.420,1.483,"10,630,748","15,509,829.000","352,710,410.000",,,,,
16-May-2022,1.445,,+0.045,+3.214%,1.460,1.430,1.525,"12,569,254","18,426,668.000","337,200,581.000",,,,,
13-May-2022,1.400,,+0.010,+0.719%,1.430,1.380,1.460,"11,173,308","15,784,755.000","318,773,913.000",,,,,
12-May-2022,1.390,,-0.065,-4.467%,1.395,1.365,1.490,"12,645,535","17,934,087.000","302,989,158.000",,,,,
11-May-2022,1.455,,+0.040,+2.827%,1.410,1.333,1.470,"11,669,513","16,524,415.000","320,923,245.000",,,,,
10-May-2022,1.415,,-0.045,-3.082%,1.310,1.245,1.435,"32,000,945","43,266,599.000","304,398,830.000",,,,,
09-May-2022,1.460,,-0.190,-11.515%,1.585,1.450,1.585,"21,382,114","32,084,775.000","347,665,429.000",,,,,
06-May-2022,1.650,,-0.115,-6.516%,1.600,1.540,1.650,"23,644,012","38,075,624.000","379,750,204.000",,,,,
05-May-2022,1.765,,+0.095,+5.689%,1.720,1.720,1.810,"11,728,459","20,736,254.000","417,825,828.000",,,,,
04-May-2022,1.670,,-0.075,-4.298%,1.755,1.640,1.800,"14,944,882","25,316,604.000","397,089,574.000",,,,,
03-May-2022,1.745,,-0.125,-6.684%,1.880,1.730,1.905,"13,170,138","23,593,566.000","422,406,178.000",,,,,
02-May-2022,1.870,,-0.100,-5.076%,1.910,1.845,1.910,"11,476,915","21,484,131.000","445,999,744.000",,,,,
29-Apr-2022,1.970,,+0.030,+1.546%,1.985,1.960,2.040,"9,670,893","19,261,020.000","467,483,875.000",,,,,
28-Apr-2022,1.940,,-0.020,-1.020%,2.020,1.940,2.060,"8,092,609","16,034,365.000","448,222,855.000",,,,,
27-Apr-2022,1.960,,-0.060,-2.970%,1.920,1.880,1.985,"14,663,140","28,268,381.000","464,257,220.000",,,,,
26-Apr-2022,2.020,,-0.100,-4.717%,2.040,1.970,2.080,"12,971,244","26,199,603.000","492,525,601.000",,,,,
22-Apr-2022,2.120,,-0.040,-1.852%,2.100,2.060,2.200,"8,903,580","19,030,529.000","518,725,204.000",,,,,
21-Apr-2022,2.160,,-0.040,-1.818%,2.270,2.130,2.350,"12,000,869","26,864,790.000","537,755,733.000",,,,,
20-Apr-2022,2.200,,-0.090,-3.930%,2.330,2.150,2.360,"10,933,541","24,510,956.000","564,620,523.000",,,,,
19-Apr-2022,2.290,,+0.280,+13.930%,2.040,2.020,2.360,"20,012,995","44,864,054.000","589,131,479.000",,,,,
14-Apr-2022,2.010,,-0.010,-0.495%,2.080,1.950,2.120,"16,412,661","33,435,971.000","544,267,425.000",,,,,
13-Apr-2022,2.020,,+0.180,+9.783%,1.860,1.845,2.070,"19,029,093","37,599,431.000","577,703,396.000",,,,,
12-Apr-2022,1.840,,-0.150,-7.538%,2.000,1.810,2.000,"20,239,662","37,775,439.000","540,103,965.000",,,,,
11-Apr-2022,1.990,,+0.130,+6.989%,2.080,1.970,2.160,"30,597,564","63,117,838.000","577,879,404.000",,,,,
08-Apr-2022,1.860,,-0.135,-6.767%,2.070,1.845,2.120,"18,501,229","36,266,785.000","514,761,566.000",,,,,
07-Apr-2022,1.995,,-0.115,-5.450%,2.050,1.970,2.170,"19,651,759","40,208,681.000","551,028,351.000",,,,,
06-Apr-2022,2.110,,-0.140,-6.222%,2.100,2.050,2.200,"16,969,382","36,106,701.000","591,237,032.000",,,,,
05-Apr-2022,2.250,,-0.200,-8.163%,2.540,2.230,2.650,"20,939,833","50,059,270.000","627,343,733.000",,,,,
04-Apr-2022,2.450,,+0.140,+6.061%,2.380,2.260,2.500,"22,232,333","53,072,808.000","677,403,003.000",,,,,
01-Apr-2022,2.310,,+0.315,+15.789%,2.030,2.030,2.340,"19,623,621","43,826,763.000","624,330,195.000",,,,,
31-Mar-2022,1.995,,+0.050,+2.571%,1.970,1.955,2.100,"14,582,272","29,472,104.000","580,503,432.000",,,,,
30-Mar-2022,1.945,,+0.015,+0.777%,1.960,1.870,1.985,"15,065,655","29,086,107.000","551,031,328.000",,,,,
29-Mar-2022,1.930,,+0.250,+14.881%,1.745,1.740,1.980,"33,533,638","63,041,512.000","521,945,221.000",,,,,
28-Mar-2022,1.680,,-0.095,-5.352%,1.750,1.680,1.810,"11,893,948","20,685,405.000","458,903,709.000",,,,,
25-Mar-2022,1.775,,-0.010,-0.560%,1.820,1.770,1.850,"18,617,796","33,616,425.000","479,589,114.000",,,,,
24-Mar-2022,1.785,,-0.010,-0.557%,1.760,1.700,1.870,"19,424,597","34,975,910.000","513,205,539.000",,,,,
23-Mar-2022,1.795,,+0.145,+8.788%,1.675,1.590,1.795,"20,950,831","35,758,181.000","548,181,449.000",,,,,
22-Mar-2022,1.650,,+0.065,+4.101%,1.600,1.545,1.685,"16,534,728","26,710,621.000","512,423,268.000",,,,,
21-Mar-2022,1.585,,+0.035,+2.258%,1.620,1.560,1.660,"18,296,435","29,253,931.000","485,712,647.000",,,,,
18-Mar-2022,1.550,,+0.135,+9.541%,1.450,1.380,1.553,"82,066,823","125,590,111.000","456,458,716.000",,,,,
17-Mar-2022,1.415,,+0.080,+5.993%,1.390,1.390,1.505,"31,402,782","45,474,198.000","330,868,605.000",,,,,
16-Mar-2022,1.335,,+0.135,+11.250%,1.230,1.225,1.360,"21,255,811","27,579,268.000","285,394,407.000",,,,,
15-Mar-2022,1.200,,-0.055,-4.382%,1.235,1.175,1.240,"11,921,176","14,384,392.000","257,815,139.000",,,,,
14-Mar-2022,1.255,,-0.035,-2.713%,1.240,1.220,1.300,"18,738,843","23,545,232.000","272,199,531.000",,,,,
11-Mar-2022,1.290,,+0.090,+7.500%,1.205,1.170,1.335,"21,544,280","27,506,519.000","295,744,763.000",,,,,
10-Mar-2022,1.200,,+0.065,+5.727%,1.140,1.135,1.240,"20,973,912","24,997,752.000","268,238,244.000",,,,,
09-Mar-2022,1.135,,+0.130,+12.935%,1.020,1.020,1.135,"16,671,407","18,148,218.000","243,240,492.000",,,,,
08-Mar-2022,1.005,,+0.020,+2.030%,0.985,0.980,1.030,"9,912,954","9,991,850.000","225,092,274.000",,,,,
07-Mar-2022,0.985,,-0.005,-0.505%,1.010,0.975,1.030,"16,387,170","16,396,958.000","215,100,424.000",,,,,
04-Mar-2022,0.990,,-0.065,-6.161%,1.035,0.970,1.035,"21,942,451","21,836,930.000","231,497,382.000",,,,,
03-Mar-2022,1.055,,+0.080,+8.205%,0.995,0.990,1.070,"23,190,807","24,031,251.000","253,334,312.000",,,,,
02-Mar-2022,0.975,,+0.015,+1.563%,0.955,0.945,1.005,"19,003,700","18,746,318.000","229,303,061.000",,,,,
01-Mar-2022,0.960,,+0.055,+6.077%,0.920,0.905,0.985,"16,877,775","16,017,976.000","210,556,743.000",,,,,
21-Feb-2022,0.905,,-0.030,-3.209%,0.915,0.895,0.930,"6,231,208","5,668,416.000","194,538,767.000",,,,,
18-Feb-2022,0.935,,+0.035,+3.889%,0.870,0.870,0.940,"7,816,287","7,170,015.000","200,207,183.000",,,,,
17-Feb-2022,0.900,,-0.015,-1.639%,0.910,0.885,0.910,"4,501,218","4,042,697.000","193,037,168.000",,,,,
16-Feb-2022,0.915,,+0.065,+7.647%,0.875,0.875,0.915,"7,119,397","6,378,979.000","197,079,865.000",,,,,
15-Feb-2022,0.850,,+0.010,+1.190%,0.840,0.830,0.880,"7,016,541","5,983,321.000","190,700,886.000",,,,,
14-Feb-2022,0.840,,-0.065,-7.182%,0.900,0.840,0.900,"9,362,411","8,121,605.000","184,717,565.000",,,,,
11-Feb-2022,0.905,,-0.045,-4.737%,0.920,0.900,0.925,"5,742,084","5,229,855.000","192,839,170.000",,,,,
10-Feb-2022,0.950,,+0.025,+2.703%,0.920,0.915,0.950,"6,598,812","6,174,832.000","198,069,025.000",,,,,
09-Feb-2022,0.925,,+0.035,+3.933%,0.895,0.885,0.925,"6,042,377","5,489,344.000","191,894,193.000",,,,,
08-Feb-2022,0.890,,+0.010,+1.136%,0.870,0.870,0.900,"3,398,914","3,015,142.000","186,404,849.000",,,,,
07-Feb-2022,0.880,,-0.010,-1.124%,0.890,0.855,0.890,"3,611,064","3,150,008.000","183,389,707.000",,,,,
04-Feb-2022,0.890,,+0.005,+0.565%,0.875,0.860,0.900,"4,758,825","4,208,361.000","186,539,715.000",,,,,
03-Feb-2022,0.885,,-0.040,-4.324%,0.910,0.875,0.920,"5,352,073","4,764,490.000","182,331,354.000",,,,,
02-Feb-2022,0.925,,+0.010,+1.093%,0.940,0.920,0.945,"4,243,951","3,950,653.000","187,095,844.000",,,,,
01-Feb-2022,0.915,,-0.005,-0.543%,0.940,0.905,0.975,"8,927,727","8,345,160.000","183,145,191.000",,,,,
31-Jan-2022,0.920,,+0.040,+4.545%,0.900,0.875,0.930,"6,426,228","5,828,111.000","191,490,351.000",,,,,
28-Jan-2022,0.880,,+0.015,+1.734%,0.890,0.835,0.895,"7,189,445","6,261,033.000","185,662,240.000",,,,,
27-Jan-2022,0.865,,+0.030,+3.593%,0.860,0.835,0.925,"13,886,028","12,217,270.000","179,401,207.000",,,,,
25-Jan-2022,0.835,,-0.055,-6.180%,0.875,0.800,0.910,"15,659,033","13,255,508.000","167,183,937.000",,,,,
24-Jan-2022,0.890,,-0.050,-5.319%,0.910,0.860,0.920,"13,522,104","12,029,316.000","180,439,445.000",,,,,
21-Jan-2022,0.940,,-0.065,-6.468%,0.990,0.935,1.010,"13,135,985","12,648,431.000","192,468,761.000",,,,,
20-Jan-2022,1.005,,+0.020,+2.030%,1.000,0.970,1.035,"18,094,384","18,095,254.000","205,117,192.000",,,,,
19-Jan-2022,0.985,,+0.035,+3.684%,0.970,0.965,1.005,"14,368,337","14,154,333.000","187,021,938.000",,,,,
18-Jan-2022,0.950,,+0.005,+0.529%,0.965,0.945,0.980,"9,653,574","9,286,660.000","172,867,605.000",,,,,
17-Jan-2022,0.945,,-0.060,-5.970%,1.010,0.945,1.080,"24,203,582","24,279,959.000","163,580,945.000",,,,,
14-Jan-2022,1.005,,+0.015,+1.515%,0.990,0.950,1.005,"10,798,222","10,651,779.000","187,860,904.000",,,,,
13-Jan-2022,0.990,,0.000,0.000%,0.995,0.980,1.010,"9,020,524","8,970,506.000","177,209,125.000",,,,,
12-Jan-2022,0.990,,+0.005,+0.508%,1.015,0.975,1.020,"9,685,293","9,641,083.000","168,238,619.000",,,,,
11-Jan-2022,0.985,,-0.010,-1.005%,0.995,0.970,1.020,"7,755,659","7,693,296.000","158,597,536.000",,,,,
10-Jan-2022,0.995,,+0.010,+1.015%,0.995,0.970,1.020,"8,552,263","8,511,264.000","166,290,832.000",,,,,
07-Jan-2022,0.985,,+0.035,+3.684%,0.980,0.965,1.020,"12,592,452","12,487,230.000","157,779,568.000",,,,,
06-Jan-2022,0.950,,-0.075,-7.317%,1.000,0.950,1.010,"13,269,839","12,888,548.000","145,292,338.000",,,,,
05-Jan-2022,1.025,,-0.060,-5.530%,1.095,1.015,1.095,"12,782,350","13,318,312.000","158,180,886.000",,,,,
04-Jan-2022,1.085,,+0.075,+7.426%,1.035,1.035,1.110,"14,697,270","15,888,280.000","171,499,198.000",,,,,
31-Dec-2021,1.010,,+0.025,+2.538%,0.995,0.990,1.030,"5,741,722","5,794,677.000","155,610,918.000",,,,,
30-Dec-2021,0.985,,-0.020,-1.990%,1.010,0.965,1.010,"8,247,748","8,182,366.000","149,816,241.000",,,,,
29-Dec-2021,1.005,,+0.060,+6.349%,0.955,0.955,1.040,"13,331,241","13,485,249.000","157,998,607.000",,,,,
24-Dec-2021,0.945,,+0.060,+6.780%,0.900,0.885,0.955,"7,660,347","7,072,262.000","144,513,358.000",,,,,
23-Dec-2021,0.885,,+0.005,+0.568%,0.890,0.885,0.915,"7,399,130","6,655,349.000","137,441,096.000",,,,,
22-Dec-2021,0.880,,0.000,0.000%,0.920,0.875,0.933,"7,091,597","6,381,907.000","130,785,747.000",,,,,
21-Dec-2021,0.880,,+0.005,+0.571%,0.875,0.845,0.890,"6,172,341","5,367,646.000","124,403,840.000",,,,,
20-Dec-2021,0.875,,-0.055,-5.914%,0.945,0.875,0.945,"9,606,153","8,652,734.000","119,036,194.000",,,,,
17-Dec-2021,0.930,,+0.075,+8.772%,0.860,0.860,0.940,"15,748,777","14,191,665.000","127,688,928.000",,,,,
16-Dec-2021,0.855,,+0.015,+1.786%,0.865,0.840,0.875,"5,824,415","5,007,581.000","113,497,263.000",,,,,
15-Dec-2021,0.840,,+0.005,+0.599%,0.850,0.840,0.920,"13,677,028","11,983,596.000","108,489,682.000",,,,,
14-Dec-2021,0.835,,-0.055,-6.180%,0.865,0.830,0.865,"7,763,057","6,593,791.000","96,506,086.000",,,,,
13-Dec-2021,0.890,,+0.050,+5.952%,0.850,0.835,0.895,"7,964,188","6,927,537.000","103,099,877.000",,,,,
10-Dec-2021,0.840,,+0.030,+3.704%,0.810,0.790,0.840,"4,539,552","3,696,162.000","96,172,340.000",,,,,
09-Dec-2021,0.810,,-0.030,-3.571%,0.840,0.810,0.840,"3,668,938","3,019,248.000","92,476,178.000",,,,,
08-Dec-2021,0.840,,+0.015,+1.818%,0.860,0.815,0.870,"6,973,706","5,835,020.000","95,495,426.000",,,,,
07-Dec-2021,0.825,,+0.060,+7.843%,0.765,0.765,0.835,"5,543,426","4,476,535.000","89,660,406.000",,,,,
06-Dec-2021,0.765,,-0.035,-4.375%,0.800,0.753,0.810,"11,115,428","8,592,433.000","85,183,871.000",,,,,
03-Dec-2021,0.800,,-0.020,-2.439%,0.850,0.800,0.850,"5,937,439","4,843,111.000","93,776,304.000",,,,,
02-Dec-2021,0.820,,-0.030,-3.529%,0.850,0.820,0.860,"3,959,290","3,303,168.000","98,619,415.000",,,,,
01-Dec-2021,0.850,,-0.025,-2.857%,0.860,0.830,0.880,"7,697,384","6,534,839.000","101,922,583.000",,,,,
30-Nov-2021,0.875,,+0.015,+1.744%,0.870,0.850,0.905,"6,822,540","5,984,040.000","108,457,422.000",,,,,
29-Nov-2021,0.860,,+0.020,+2.381%,0.800,0.745,0.875,"12,709,261","10,362,159.000","102,473,382.000",,,,,
26-Nov-2021,0.840,,-0.030,-3.448%,0.890,0.840,0.890,"5,709,317","4,904,313.000","92,111,223.000",,,,,
25-Nov-2021,0.870,,+0.020,+2.353%,0.860,0.850,0.910,"8,895,623","7,815,004.000","97,015,536.000",,,,,
24-Nov-2021,0.850,,-0.020,-2.299%,0.870,0.845,0.880,"5,649,995","4,850,283.000","89,200,532.000",,,,,
23-Nov-2021,0.870,,-0.040,-4.396%,0.910,0.855,0.910,"8,871,495","7,762,360.000","94,050,815.000",,,,,
22-Nov-2021,0.910,,+0.055,+6.433%,0.845,0.840,0.930,"11,575,745","10,405,044.000","101,813,175.000",,,,,
19-Nov-2021,0.855,,-0.045,-5.000%,0.900,0.850,0.920,"13,208,596","11,445,398.000","91,408,131.000",,,,,
18-Nov-2021,0.900,,-0.035,-3.743%,0.930,0.885,0.930,"8,782,229","7,923,998.000","102,853,529.000",,,,,
17-Nov-2021,0.935,,-0.010,-1.058%,0.945,0.920,0.955,"6,137,703","5,717,626.000","110,777,527.000",,,,,
16-Nov-2021,0.945,,-0.030,-3.077%,0.965,0.935,0.965,"7,577,992","7,188,321.000","116,495,153.000",,,,,
15-Nov-2021,0.975,,-0.005,-0.510%,0.995,0.965,1.025,"9,143,256","9,027,834.000","123,683,474.000",,,,,
12-Nov-2021,0.980,,-0.020,-2.000%,1.020,0.970,1.050,"9,311,502","9,278,005.000","132,711,308.000",,,,,
11-Nov-2021,1.000,,+0.030,+3.093%,0.970,0.945,1.030,"12,888,254","12,871,723.000","141,989,313.000",,,,,
10-Nov-2021,0.970,,-0.065,-6.280%,1.035,0.963,1.035,"10,445,425","10,354,854.000","129,117,590.000",,,,,
09-Nov-2021,1.035,,-0.015,-1.429%,1.080,1.035,1.080,"11,620,055","12,252,303.000","139,472,444.000",,,,,
08-Nov-2021,1.050,,-0.045,-4.110%,1.120,1.040,1.125,"12,773,145","13,586,897.000","151,724,747.000",,,,,
05-Nov-2021,1.095,,-0.005,-0.455%,1.140,1.075,1.185,"22,711,111","25,455,024.000","165,311,644.000",,,,,
04-Nov-2021,1.100,,+0.090,+8.911%,1.050,1.020,1.145,"17,384,430","18,988,017.000","190,766,668.000",,,,,
03-Nov-2021,1.010,,+0.080,+8.602%,0.950,0.935,1.035,"22,561,645","22,276,778.000","171,778,651.000",,,,,
02-Nov-2021,0.930,,-0.025,-2.618%,0.970,0.920,0.990,"10,841,921","10,378,037.000","149,501,873.000",,,,,
01-Nov-2021,0.955,,+0.015,+1.596%,0.980,0.935,0.990,"12,712,082","12,225,586.000","159,879,910.000",,,,,
29-Oct-2021,0.940,,+0.050,+5.618%,0.915,0.910,0.960,"11,223,481","10,549,457.000","147,654,324.000",,,,,
28-Oct-2021,0.890,,+0.030,+3.488%,0.890,0.875,0.965,"16,615,426","15,294,069.000","137,104,867.000",,,,,
27-Oct-2021,0.860,,-0.115,-11.795%,0.950,0.855,0.955,"18,590,707","16,586,664.000","121,810,798.000",,,,,
26-Oct-2021,0.975,,+0.090,+10.169%,0.895,0.890,1.000,"22,258,483","21,212,369.000","138,397,462.000",,,,,
25-Oct-2021,0.885,,-0.005,-0.562%,0.930,0.860,0.940,"13,661,845","12,190,350.000","117,185,093.000",,,,,
22-Oct-2021,0.890,,+0.120,+15.584%,0.785,0.785,0.910,"30,026,279","25,455,911.000","129,375,443.000",,,,,
21-Oct-2021,0.770,,+0.010,+1.316%,0.780,0.740,0.835,"26,970,435","21,153,132.000","103,919,532.000",,,,,
20-Oct-2021,0.760,,+0.120,+18.750%,0.650,0.645,0.765,"28,146,677","20,198,328.000","82,766,400.000",,,,,
19-Oct-2021,0.640,,+0.010,+1.587%,0.650,0.625,0.660,"9,238,559","5,953,654.000","62,568,072.000",,,,,
18-Oct-2021,0.630,,+0.045,+7.692%,0.610,0.605,0.660,"22,175,675","14,004,655.000","56,614,418.000",,,,,
15-Oct-2021,0.585,,+0.020,+3.540%,0.580,0.570,0.590,"5,995,863","3,475,792.000","42,609,763.000",,,,,
14-Oct-2021,0.565,,+0.015,+2.727%,0.555,0.545,0.575,"5,275,031","2,967,145.000","39,133,971.000",,,,,
13-Oct-2021,0.550,,+0.015,+2.804%,0.550,0.535,0.560,"5,514,059","3,025,670.000","36,166,826.000",,,,,
12-Oct-2021,0.535,,-0.005,-0.926%,0.545,0.530,0.550,"4,914,862","2,638,735.000","33,141,156.000",,,,,
11-Oct-2021,0.540,,-0.005,-0.917%,0.560,0.535,0.560,"4,499,892","2,448,874.000","35,779,891.000",,,,,
08-Oct-2021,0.545,,-0.030,-5.217%,0.585,0.545,0.590,"8,136,134","4,582,631.000","38,228,765.000",,,,,
07-Oct-2021,0.575,,+0.015,+2.679%,0.550,0.545,0.580,"3,980,463","2,230,113.000","42,811,396.000",,,,,
06-Oct-2021,0.560,,+0.015,+2.752%,0.555,0.535,0.560,"6,559,243","3,586,291.000","40,581,283.000",,,,,
05-Oct-2021,0.545,,-0.020,-3.540%,0.565,0.530,0.575,"7,553,833","4,144,048.000","36,994,992.000",,,,,
04-Oct-2021,0.565,,-0.025,-4.237%,0.595,0.565,0.605,"7,079,880","4,095,547.000","41,139,040.000",,,,,
01-Oct-2021,0.590,,-0.025,-4.065%,0.600,0.585,0.615,"8,143,808","4,852,815.000","45,234,587.000",,,,,
30-Sep-2021,0.615,,+0.035,+6.034%,0.600,0.580,0.625,"12,006,350","7,228,739.000","50,087,402.000",,,,,
29-Sep-2021,0.580,,-0.010,-1.695%,0.575,0.565,0.600,"7,982,162","4,643,678.000","42,858,663.000",,,,,
28-Sep-2021,0.590,,-0.010,-1.667%,0.635,0.580,0.635,"10,164,458","6,160,758.000","47,502,341.000",,,,,
27-Sep-2021,0.600,,-0.025,-4.000%,0.630,0.590,0.645,"10,064,086","6,207,362.000","53,663,099.000",,,,,
24-Sep-2021,0.625,,+0.045,+7.759%,0.605,0.595,0.640,"16,314,979","10,131,353.000","59,870,461.000",,,,,
23-Sep-2021,0.580,,-0.030,-4.918%,0.630,0.580,0.635,"15,973,519","9,538,953.000","49,739,108.000",,,,,
22-Sep-2021,0.610,,+0.095,+18.447%,0.615,0.570,0.650,"37,498,231","22,959,943.000","59,278,061.000",,,,,
17-Sep-2021,0.515,,+0.015,+3.000%,0.500,0.483,0.515,"8,291,236","4,115,762.000","36,318,118.000",,,,,
16-Sep-2021,0.500,,-0.005,-0.990%,0.520,0.495,0.535,"8,692,871","4,470,802.000","32,202,356.000",,,,,
15-Sep-2021,0.505,,-0.015,-2.885%,0.525,0.505,0.545,"10,642,038","5,536,995.000","36,673,158.000",,,,,
14-Sep-2021,0.520,,0.000,0.000%,0.525,0.505,0.530,"6,031,800","3,104,935.000","42,210,153.000",,,,,
13-Sep-2021,0.520,,0.000,0.000%,0.515,0.505,0.535,"5,060,502","2,645,115.000","39,105,218.000",,,,,
10-Sep-2021,0.520,,+0.020,+4.000%,0.490,0.485,0.535,"11,234,640","5,761,360.000","36,460,103.000",,,,,
09-Sep-2021,0.500,,-0.040,-7.407%,0.535,0.500,0.540,"7,028,481","3,662,430.000","30,698,743.000",,,,,
08-Sep-2021,0.540,,0.000,0.000%,0.540,0.535,0.550,"4,203,897","2,272,750.000","34,361,173.000",,,,,
07-Sep-2021,0.540,,-0.010,-1.818%,0.550,0.530,0.555,"5,943,497","3,218,246.000","36,633,923.000",,,,,
06-Sep-2021,0.550,,-0.025,-4.348%,0.575,0.550,0.575,"8,231,977","4,592,346.000","39,852,169.000",,,,,
03-Sep-2021,0.575,,0.000,0.000%,0.585,0.575,0.605,"11,532,768","6,784,756.000","44,444,515.000",,,,,
02-Sep-2021,0.575,,-0.010,-1.709%,0.590,0.575,0.595,"5,000,537","2,911,503.000","51,229,271.000",,,,,
01-Sep-2021,0.585,,-0.025,-4.098%,0.600,0.580,0.605,"6,503,933","3,841,936.000","54,140,774.000",,,,,
31-Aug-2021,0.610,,-0.015,-2.400%,0.645,0.580,0.645,"13,300,005","8,089,211.000","57,982,710.000",,,,,
30-Aug-2021,0.625,,+0.075,+13.636%,0.565,0.560,0.635,"13,344,645","8,031,619.000","66,071,921.000",,,,,
27-Aug-2021,0.550,,-0.010,-1.786%,0.570,0.550,0.570,"3,412,585","1,904,441.000","58,040,302.000",,,,,
26-Aug-2021,0.560,,-0.035,-5.882%,0.605,0.560,0.605,"5,908,807","3,435,722.000","59,944,743.000",,,,,
25-Aug-2021,0.595,,+0.030,+5.310%,0.575,0.570,0.605,"7,125,446","4,200,906.000","63,380,465.000",,,,,
24-Aug-2021,0.565,,0.000,0.000%,0.575,0.560,0.585,"5,581,438","3,196,670.000","59,179,559.000",,,,,
23-Aug-2021,0.565,,+0.035,+6.604%,0.540,0.535,0.590,"7,046,513","3,964,364.000","55,982,889.000",,,,,
20-Aug-2021,0.530,,-0.070,-11.667%,0.595,0.520,0.610,"12,523,815","6,956,688.000","52,018,525.000",,,,,
19-Aug-2021,0.600,,0.000,0.000%,0.610,0.590,0.640,"10,170,821","6,228,950.000","58,975,213.000",,,,,
18-Aug-2021,0.600,,-0.010,-1.639%,0.610,0.590,0.620,"6,218,966","3,736,665.000","65,204,163.000",,,,,
17-Aug-2021,0.610,,+0.005,+0.826%,0.610,0.570,0.620,"15,544,799","9,271,450.000","68,940,828.000",,,,,
16-Aug-2021,0.605,,-0.015,-2.419%,0.625,0.605,0.665,"12,735,962","8,078,161.000","59,669,378.000",,,,,
13-Aug-2021,0.620,,-0.015,-2.362%,0.640,0.615,0.650,"7,069,358","4,447,477.000","67,747,539.000",,,,,
12-Aug-2021,0.635,,+0.005,+0.794%,0.645,0.635,0.675,"12,097,083","7,896,845.000","72,195,016.000",,,,,
11-Aug-2021,0.630,,+0.055,+9.565%,0.630,0.615,0.655,"21,646,316","13,680,477.000","64,298,171.000",,,,,
10-Aug-2021,0.575,,-0.030,-4.959%,0.590,0.565,0.620,"16,504,612","9,752,218.000","50,617,694.000",,,,,
09-Aug-2021,0.605,,-0.055,-8.333%,0.660,0.600,0.665,"21,574,873","13,375,499.000","60,369,912.000",,,,,
06-Aug-2021,0.660,,+0.085,+14.783%,0.575,0.575,0.680,"22,412,373","14,158,986.000","73,745,411.000",,,,,
05-Aug-2021,0.575,,-0.025,-4.167%,0.625,0.545,0.665,"25,470,083","15,077,508.000","59,586,425.000",,,,,
04-Aug-2021,0.600,,+0.055,+10.092%,0.560,0.553,0.605,"15,219,220","8,806,701.000","74,663,933.000",,,,,
03-Aug-2021,0.545,,+0.015,+2.830%,0.505,0.490,0.560,"14,478,633","7,584,504.000","65,857,232.000",,,,,
02-Aug-2021,0.530,,+0.065,+13.978%,0.475,0.475,0.555,"20,078,691","10,383,746.000","58,272,728.000",,,,,
30-Jul-2021,0.465,,+0.035,+8.140%,0.440,0.435,0.480,"15,664,939","7,183,461.000","47,888,982.000",,,,,
29-Jul-2021,0.430,,+0.025,+6.173%,0.410,0.405,0.440,"6,099,589","2,586,911.000","40,705,521.000",,,,,
28-Jul-2021,0.405,,+0.005,+1.250%,0.405,0.390,0.420,"5,549,094","2,260,002.000","38,118,610.000",,,,,
27-Jul-2021,0.400,,-0.015,-3.614%,0.425,0.400,0.430,"4,727,139","1,937,966.000","35,858,608.000",,,,,
26-Jul-2021,0.415,,+0.005,+1.220%,0.420,0.415,0.440,"8,817,802","3,792,316.000","37,796,574.000",,,,,
23-Jul-2021,0.410,,-0.040,-8.889%,0.435,0.405,0.440,"13,644,774","5,703,076.000","34,004,258.000",,,,,
22-Jul-2021,0.450,,+0.035,+8.434%,0.425,0.410,0.450,"10,144,554","4,318,981.000","39,707,334.000",,,,,
21-Jul-2021,0.415,,+0.025,+6.410%,0.395,0.395,0.435,"13,419,472","5,597,067.000","35,388,353.000",,,,,
20-Jul-2021,0.390,,+0.005,+1.299%,0.370,0.365,0.390,"5,744,654","2,174,145.000","29,791,286.000",,,,,
19-Jul-2021,0.385,,0.000,0.000%,0.375,0.365,0.385,"3,937,128","1,475,094.000","27,617,141.000",,,,,
16-Jul-2021,0.385,,+0.020,+5.479%,0.375,0.375,0.390,"3,131,877","1,194,393.000","26,142,047.000",,,,,
15-Jul-2021,0.365,,-0.015,-3.947%,0.375,0.365,0.375,"2,801,936","1,037,812.000","24,947,654.000",,,,,
14-Jul-2021,0.380,,-0.010,-2.564%,0.390,0.375,0.395,"2,468,342","945,732.000","25,985,466.000",,,,,
13-Jul-2021,0.390,,+0.005,+1.299%,0.385,0.385,0.405,"8,807,683","3,476,559.000","26,931,198.000",,,,,
12-Jul-2021,0.385,,+0.020,+5.479%,0.370,0.368,0.385,"3,690,186","1,399,926.000","23,454,639.000",,,,,
09-Jul-2021,0.365,,-0.010,-2.667%,0.375,0.360,0.375,"3,377,109","1,242,210.000","22,054,713.000",,,,,
08-Jul-2021,0.375,,-0.005,-1.316%,0.385,0.365,0.390,"3,214,128","1,208,550.000","23,296,923.000",,,,,
07-Jul-2021,0.380,,+0.010,+2.703%,0.370,0.365,0.390,"6,546,429","2,504,942.000","24,505,473.000",,,,,
06-Jul-2021,0.370,,+0.005,+1.370%,0.375,0.365,0.380,"4,403,100","1,642,629.000","22,000,531.000",,,,,
05-Jul-2021,0.365,,+0.020,+5.797%,0.355,0.355,0.378,"6,563,067","2,403,531.000","20,357,902.000",,,,,
02-Jul-2021,0.345,,0.000,0.000%,0.335,0.335,0.350,"2,467,403","848,416.000","17,954,371.000",,,,,
01-Jul-2021,0.345,,+0.010,+2.985%,0.330,0.325,0.345,"2,120,098","710,483.000","17,105,955.000",,,,,
30-Jun-2021,0.335,,+0.015,+4.688%,0.325,0.320,0.340,"2,798,756","927,876.000","16,395,472.000",,,,,
29-Jun-2021,0.320,,-0.005,-1.538%,0.325,0.320,0.335,"3,834,933","1,245,766.000","15,467,596.000",,,,,
28-Jun-2021,0.325,,-0.020,-5.797%,0.350,0.315,0.353,"6,750,827","2,254,695.000","16,713,362.000",,,,,
25-Jun-2021,0.345,,-0.015,-4.167%,0.340,0.340,0.355,"3,504,210","1,213,042.000","18,968,057.000",,,,,
24-Jun-2021,0.360,,+0.005,+1.408%,0.350,0.330,0.368,"7,459,748","2,605,671.000","20,181,099.000",,,,,
23-Jun-2021,0.355,,-0.020,-5.333%,0.390,0.350,0.395,"10,274,664","3,824,148.000","17,575,428.000",,,,,
22-Jun-2021,0.375,,+0.025,+7.143%,0.365,0.365,0.390,"16,743,711","6,302,594.000","21,399,576.000",,,,,
21-Jun-2021,0.350,,+0.045,+14.754%,0.325,0.325,0.350,"13,921,463","4,745,446.000","15,096,982.000",,,,,
18-Jun-2021,0.305,,0.000,0.000%,0.310,0.290,0.313,"6,537,228","1,990,838.000","10,351,536.000",,,,,
17-Jun-2021,0.305,,+0.035,+12.963%,0.290,0.288,0.315,"13,316,711","4,005,286.000","8,360,698.000",,,,,
16-Jun-2021,0.270,,+0.005,+1.887%,0.265,0.265,0.280,"4,426,586","1,203,803.000","4,355,412.000",,,,,
15-Jun-2021,0.265,,-0.005,-1.852%,0.280,0.265,0.280,"2,506,876","679,970.000","3,151,609.000",,,,,
11-Jun-2021,0.270,,0.000,0.000%,0.270,0.270,0.285,"2,825,848","777,404.000","3,831,579.000",,,,,
10-Jun-2021,0.270,,+0.005,+1.887%,0.265,0.263,0.275,"2,365,224","635,650.000","3,054,175.000",,,,,
09-Jun-2021,0.265,,+0.005,+1.923%,0.260,0.255,0.265,"2,881,765","754,948.000","2,418,525.000",,,,,
08-Jun-2021,0.260,,-0.010,-3.704%,0.270,0.258,0.275,"3,206,697","847,003.000","1,663,577.000",,,,,
07-Jun-2021,0.270,,0.000,0.000%,0.275,0.263,0.275,"2,538,725","684,951.000","2,510,580.000",,,,,
04-Jun-2021,0.270,,-0.010,-3.571%,0.285,0.265,0.285,"4,007,528","1,094,851.000","3,195,531.000",,,,,
03-Jun-2021,0.280,,+0.020,+7.692%,0.265,0.255,0.285,"4,520,117","1,223,281.000","4,290,382.000",,,,,
02-Jun-2021,0.260,,0.000,0.000%,0.260,0.258,0.270,"2,629,514","692,416.000","3,067,101.000",,,,,
01-Jun-2021,0.260,,+0.010,+4.000%,0.255,0.255,0.260,"2,725,450","700,978.000","2,374,685.000",,,,,
31-May-2021,0.250,,-0.010,-3.846%,0.270,0.250,0.270,"3,402,244","873,032.000","1,673,707.000",,,,,
28-May-2021,0.260,,0.000,0.000%,0.265,0.260,0.275,"7,695,320","2,022,114.000","2,546,739.000",,,,,
27-May-2021,0.260,,0.000,0.000%,0.265,0.255,0.265,"1,171,117","304,458.000","524,625.000",,,,,
26-May-2021,0.260,,+0.010,+4.000%,0.255,0.255,0.275,"5,265,082","1,407,534.000","220,167.000",,,,,
25-May-2021,0.250,,0.000,0.000%,0.250,0.250,0.263,"3,039,183","775,064.000","-1,187,367.000",,,,,
24-May-2021,0.250,,-0.020,-7.407%,0.275,0.250,0.275,"6,164,073","1,608,149.000","-412,303.000",,,,,
21-May-2021,0.270,,+0.040,+17.391%,0.240,0.240,0.275,"10,338,991","2,654,131.000","1,195,846.000",,,,,
20-May-2021,0.230,,0.000,0.000%,0.235,0.225,0.240,"3,374,685","788,029.000","-1,458,285.000",,,,,
19-May-2021,0.230,,0.000,0.000%,0.245,0.230,0.250,"4,456,995","1,061,136.000","-670,256.000",,,,,
18-May-2021,0.230,,-0.005,-2.128%,0.235,0.225,0.245,"3,235,164","758,648.000","390,880.000",,,,,
17-May-2021,0.235,,-0.010,-4.082%,0.240,0.230,0.245,"4,636,522","1,099,448.000","1,149,528.000",,,,,
14-May-2021,0.245,,+0.035,+16.667%,0.210,0.210,0.265,"8,890,423","2,150,764.000","2,248,976.000",,,,,
13-May-2021,0.210,,-0.015,-6.667%,0.220,0.205,0.220,"9,072,931","1,910,487.000","98,212.000",,,,,
12-May-2021,0.225,,-0.005,-2.174%,0.230,0.220,0.230,"4,639,460","1,049,196.000","2,008,699.000",,,,,
11-May-2021,0.230,,-0.030,-11.538%,0.255,0.230,0.255,"8,400,586","2,024,233.000","3,057,895.000",,,,,
10-May-2021,0.260,,-0.005,-1.887%,0.265,0.255,0.265,"3,693,209","959,853.000","5,082,128.000",,,,,
07-May-2021,0.265,,-0.005,-1.852%,0.265,0.255,0.270,"4,980,053","1,308,965.000","6,041,981.000",,,,,
06-May-2021,0.270,,-0.035,-11.475%,0.310,0.270,0.310,"7,663,958","2,206,775.000","7,350,946.000",,,,,
05-May-2021,0.305,,0.000,0.000%,0.310,0.305,0.310,"882,710","270,981.000","9,557,721.000",,,,,
04-May-2021,0.305,,-0.005,-1.613%,0.315,0.305,0.315,"1,457,203","452,002.000","9,828,702.000",,,,,
03-May-2021,0.310,,0.000,0.000%,0.315,0.305,0.320,"2,413,173","748,239.000","10,280,704.000",,,,,
30-Apr-2021,0.310,,-0.020,-6.061%,0.320,0.310,0.320,"3,111,051","982,085.000","11,028,943.000",,,,,
29-Apr-2021,0.330,,+0.025,+8.197%,0.310,0.305,0.330,"4,451,976","1,416,664.000","12,011,028.000",,,,,
28-Apr-2021,0.305,,-0.005,-1.613%,0.310,0.305,0.315,"1,891,383","584,042.000","10,594,364.000",,,,,
27-Apr-2021,0.310,,-0.005,-1.587%,0.310,0.308,0.315,"2,396,929","744,797.000","11,178,406.000",,,,,
26-Apr-2021,0.315,,+0.005,+1.613%,0.310,0.308,0.315,"2,206,225","686,681.000","11,923,203.000",,,,,
23-Apr-2021,0.310,,0.000,0.000%,0.310,0.310,0.315,"1,722,223","534,279.000","11,236,522.000",,,,,
22-Apr-2021,0.310,,0.000,0.000%,0.310,0.310,0.320,"2,098,390","657,838.000","11,770,801.000",,,,,
21-Apr-2021,0.310,,-0.010,-3.125%,0.315,0.310,0.320,"2,247,008","705,066.000","12,428,639.000",,,,,
20-Apr-2021,0.320,,-0.005,-1.538%,0.320,0.315,0.325,"1,814,716","581,038.000","13,133,705.000",,,,,
19-Apr-2021,0.325,,+0.005,+1.563%,0.330,0.315,0.335,"3,628,922","1,174,807.000","13,714,743.000",,,,,
16-Apr-2021,0.320,,-0.005,-1.538%,0.325,0.315,0.335,"3,108,980","1,009,775.000","12,539,936.000",,,,,
15-Apr-2021,0.325,,-0.005,-1.515%,0.320,0.315,0.325,"2,850,873","910,997.000","13,549,711.000",,,,,
14-Apr-2021,0.330,,+0.015,+4.762%,0.310,0.305,0.330,"6,790,645","2,144,665.000","14,460,708.000",,,,,
13-Apr-2021,0.315,,-0.005,-1.563%,0.320,0.315,0.325,"2,268,515","724,319.000","12,316,043.000",,,,,
12-Apr-2021,0.320,,+0.005,+1.587%,0.330,0.320,0.330,"2,046,853","666,265.000","13,040,362.000",,,,,
09-Apr-2021,0.315,,-0.005,-1.563%,0.325,0.315,0.325,"1,623,628","521,933.000","12,374,097.000",,,,,
08-Apr-2021,0.320,,-0.005,-1.538%,0.325,0.320,0.330,"2,522,919","812,215.000","12,896,030.000",,,,,
07-Apr-2021,0.325,,-0.010,-2.985%,0.340,0.325,0.345,"3,581,924","1,190,372.000","13,708,245.000",,,,,
06-Apr-2021,0.335,,+0.005,+1.515%,0.340,0.335,0.345,"2,184,316","742,346.000","14,898,617.000",,,,,
01-Apr-2021,0.330,,-0.005,-1.493%,0.335,0.325,0.335,"2,244,637","746,752.000","14,156,271.000",,,,,
31-Mar-2021,0.335,,+0.025,+8.065%,0.325,0.315,0.335,"5,581,939","1,811,576.000","14,903,023.000",,,,,
30-Mar-2021,0.310,,0.000,0.000%,0.315,0.305,0.315,"2,837,681","882,366.000","13,091,447.000",,,,,
29-Mar-2021,0.310,,-0.010,-3.125%,0.320,0.310,0.325,"2,171,159","687,174.000","13,973,813.000",,,,,
26-Mar-2021,0.320,,+0.005,+1.587%,0.310,0.305,0.320,"4,881,061","1,512,069.000","14,660,987.000",,,,,
25-Mar-2021,0.315,,-0.010,-3.077%,0.325,0.315,0.330,"3,301,821","1,054,567.000","13,148,918.000",,,,,
24-Mar-2021,0.325,,-0.005,-1.515%,0.335,0.320,0.340,"4,225,591","1,392,780.000","14,203,485.000",,,,,
23-Mar-2021,0.330,,+0.005,+1.538%,0.330,0.325,0.345,"4,269,433","1,423,925.000","15,596,265.000",,,,,
22-Mar-2021,0.325,,-0.010,-2.985%,0.335,0.320,0.335,"3,695,055","1,206,416.000","14,172,340.000",,,,,
19-Mar-2021,0.335,,0.000,0.000%,0.330,0.330,0.345,"4,052,451","1,360,047.000","15,378,756.000",,,,,
18-Mar-2021,0.335,,-0.020,-5.634%,0.350,0.335,0.350,"3,483,757","1,191,547.000","16,738,803.000",,,,,
17-Mar-2021,0.355,,+0.005,+1.429%,0.355,0.345,0.380,"12,606,851","4,526,064.000","17,930,350.000",,,,,
16-Mar-2021,0.350,,0.000,0.000%,0.355,0.330,0.355,"3,685,254","1,266,718.000","13,404,286.000",,,,,
15-Mar-2021,0.350,,0.000,0.000%,0.355,0.340,0.360,"4,151,845","1,457,699.000","12,137,568.000",,,,,
12-Mar-2021,0.350,,+0.025,+7.692%,0.345,0.340,0.360,"9,814,848","3,425,528.000","10,679,869.000",,,,,
11-Mar-2021,0.325,,+0.010,+3.175%,0.320,0.310,0.335,"5,132,876","1,657,003.000","7,254,341.000",,,,,
10-Mar-2021,0.315,,+0.005,+1.613%,0.310,0.310,0.325,"5,854,962","1,850,435.000","5,597,338.000",,,,,
09-Mar-2021,0.310,,-0.015,-4.615%,0.325,0.300,0.330,"10,359,997","3,211,028.000","3,746,903.000",,,,,
08-Mar-2021,0.325,,-0.025,-7.143%,0.355,0.320,0.365,"9,869,785","3,397,681.000","6,957,931.000",,,,,
05-Mar-2021,0.350,,+0.005,+1.449%,0.325,0.305,0.355,"14,991,992","4,853,939.000","10,355,612.000",,,,,
04-Mar-2021,0.345,,-0.035,-9.211%,0.380,0.340,0.385,"13,177,040","4,726,437.000","5,501,673.000",,,,,
03-Mar-2021,0.380,,-0.025,-6.173%,0.385,0.375,0.395,"10,426,194","3,995,852.000","10,228,110.000",,,,,
02-Mar-2021,0.405,,+0.020,+5.195%,0.450,0.395,0.475,"27,150,923","11,828,586.000","14,223,962.000",,,,,
01-Mar-2021,0.385,,0.000,0.000%,0.385,0.370,0.385,"4,606,624","1,752,757.000","2,395,376.000",,,,,
26-Feb-2021,0.385,,-0.005,-1.282%,0.370,0.365,0.385,"6,226,463","2,325,551.000","4,148,133.000",,,,,
25-Feb-2021,0.390,,+0.020,+5.405%,0.375,0.365,0.395,"9,228,661","3,509,440.000","6,473,684.000",,,,,
24-Feb-2021,0.370,,-0.035,-8.642%,0.385,0.370,0.390,"12,704,702","4,825,944.000","2,964,244.000",,,,,
23-Feb-2021,0.405,,-0.010,-2.410%,0.405,0.385,0.415,"17,778,684","7,081,115.000","7,790,188.000",,,,,
22-Feb-2021,0.415,,+0.060,+16.901%,0.370,0.370,0.425,"26,487,223","10,475,233.000","14,871,303.000",,,,,
19-Feb-2021,0.355,,+0.030,+9.231%,0.340,0.330,0.360,"18,177,021","6,252,572.000","4,396,070.000",,,,,
18-Feb-2021,0.325,,-0.015,-4.412%,0.325,0.310,0.335,"9,674,381","3,114,207.000","-1,856,502.000",,,,,
17-Feb-2021,0.340,,+0.015,+4.615%,0.335,0.315,0.350,"13,396,620","4,409,313.000","1,257,705.000",,,,,
16-Feb-2021,0.325,,-0.015,-4.412%,0.350,0.315,0.350,"12,713,964","4,166,298.000","-3,151,608.000",,,,,
15-Feb-2021,0.340,,+0.030,+9.677%,0.315,0.315,0.340,"14,732,256","4,849,965.000","1,014,690.000",,,,,
12-Feb-2021,0.310,,-0.005,-1.587%,0.310,0.305,0.325,"16,982,649","5,333,017.000","-3,835,275.000",,,,,
11-Feb-2021,0.315,,-0.035,-10.000%,0.335,0.310,0.335,"20,740,688","6,630,166.000","1,497,742.000",,,,,
10-Feb-2021,0.350,,-0.035,-9.091%,0.365,0.340,0.380,"20,981,535","7,509,412.000","8,127,908.000",,,,,
09-Feb-2021,0.385,,+0.015,+4.054%,0.405,0.350,0.410,"35,015,166","13,294,917.000","15,637,320.000",,,,,
08-Feb-2021,0.370,,+0.070,+23.333%,0.320,0.295,0.370,"28,454,544","9,189,554.000","2,342,403.000",,,,,
05-Feb-2021,0.300,,+0.025,+9.091%,0.320,0.275,0.320,"31,166,466","9,273,738.000","-6,847,151.000",,,,,
04-Feb-2021,0.275,,+0.040,+17.021%,0.250,0.240,0.285,"32,891,437","8,710,728.000","-16,120,889.000",,,,,
03-Feb-2021,0.235,,-0.040,-14.545%,0.265,0.230,0.265,"27,802,438","6,906,576.000","-24,831,617.000",,,,,
02-Feb-2021,0.275,,-0.005,-1.786%,0.290,0.250,0.295,"24,752,315","6,611,056.000","-17,925,041.000",,,,,
01-Feb-2021,0.280,,-0.015,-5.085%,0.275,0.240,0.305,"41,184,742","11,313,985.000","-11,313,985.000",,,,,