Exchange Date,Close,Net,%Chg,Open,Low,High,Volume,Turnover - AUD,Flow,,,,,,
30-Jan-2023,92.550,+0.390,+0.423%,92.410,91.430,93.090,"618,639","57,167,451.000","1,932,116,101.000",,,,,,
27-Jan-2023,92.160,-2.040,-2.166%,93.050,91.000,93.600,"1,274,192","117,573,844.000","1,874,948,650.000",,,,,,
25-Jan-2023,94.200,-2.080,-2.160%,94.010,91.100,95.400,"1,514,758","141,501,909.000","1,992,522,494.000",,,,,,
24-Jan-2023,96.280,+4.830,+5.282%,93.000,92.550,96.970,"1,320,360","126,228,099.000","2,134,024,403.000",,,,,,
23-Jan-2023,91.450,+1.800,+2.008%,89.700,89.130,91.650,"906,279","82,413,519.000","2,007,796,304.000",,,,,,
20-Jan-2023,89.650,+1.590,+1.806%,88.500,87.960,89.650,"1,228,595","106,645,211.000","1,925,382,785.000",,,,,,
19-Jan-2023,88.060,+0.370,+0.422%,88.790,86.750,88.790,"742,450","65,240,290.000","1,818,737,574.000",,,,,,
18-Jan-2023,87.690,+0.290,+0.332%,87.850,86.350,88.480,"855,701","74,824,772.000","1,753,497,284.000",,,,,,
17-Jan-2023,87.400,-1.010,-1.142%,87.770,86.180,87.990,"628,337","54,714,612.000","1,678,672,512.000",,,,,,
16-Jan-2023,88.410,-0.080,-0.090%,89.300,87.340,89.970,"491,795","43,554,472.000","1,733,387,124.000",,,,,,
13-Jan-2023,88.490,-0.610,-0.685%,89.500,88.440,89.500,"711,441","63,221,880.000","1,776,941,596.000",,,,,,
12-Jan-2023,89.100,+1.170,+1.331%,88.010,87.730,89.360,"808,503","71,899,093.000","1,840,163,476.000",,,,,,
11-Jan-2023,87.930,+3.180,+3.752%,86.330,85.870,88.450,"506,404","44,310,195.000","1,768,264,383.000",,,,,,
10-Jan-2023,84.750,-1.140,-1.327%,85.900,84.380,87.280,"920,278","78,989,262.000","1,723,954,188.000",,,,,,
09-Jan-2023,85.890,+2.350,+2.813%,85.050,84.600,86.570,"933,677","80,173,773.000","1,802,943,450.000",,,,,,
06-Jan-2023,83.540,+5.420,+6.938%,78.940,78.870,83.540,"1,176,379","96,958,759.000","1,722,769,677.000",,,,,,
05-Jan-2023,78.120,+0.620,+0.800%,77.600,76.300,78.200,"884,117","68,414,312.000","1,625,810,918.000",,,,,,
04-Jan-2023,77.500,+2.390,+3.182%,74.880,74.470,77.500,"704,369","54,236,932.000","1,557,396,606.000",,,,,,
03-Jan-2023,75.110,-2.090,-2.707%,78.390,74.110,78.500,"882,735","66,397,242.000","1,503,159,674.000",,,,,,
30-Dec-2022,77.200,+0.430,+0.560%,76.950,76.500,77.890,"512,248","39,525,024.000","1,569,556,916.000",,,,,,
29-Dec-2022,76.770,-1.500,-1.916%,77.000,75.930,77.600,"700,287","53,581,882.000","1,530,031,892.000",,,,,,
28-Dec-2022,78.270,-1.610,-2.016%,78.330,77.210,78.700,"717,713","55,906,791.000","1,583,613,774.000",,,,,,
23-Dec-2022,79.880,-0.140,-0.175%,79.020,77.210,80.260,"439,305","34,846,125.000","1,639,520,565.000",,,,,,
22-Dec-2022,80.020,-0.680,-0.843%,81.910,79.990,82.290,"871,760","70,382,264.000","1,674,366,690.000",,,,,,
21-Dec-2022,80.700,+1.480,+1.868%,80.320,79.990,81.240,"805,351","64,888,549.000","1,744,748,954.000",,,,,,
20-Dec-2022,79.220,-2.500,-3.059%,80.910,79.210,81.475,"916,492","73,206,591.000","1,679,860,405.000",,,,,,
19-Dec-2022,81.720,+0.500,+0.616%,81.000,80.230,82.790,"491,341","40,040,234.000","1,753,066,996.000",,,,,,
16-Dec-2022,81.220,-0.780,-0.951%,80.600,79.290,83.270,"1,503,332","121,843,337.000","1,713,026,762.000",,,,,,
15-Dec-2022,82.000,-4.010,-4.662%,85.000,81.040,85.000,"1,476,591","121,711,693.000","1,834,870,099.000",,,,,,
14-Dec-2022,86.010,+1.030,+1.212%,85.390,84.550,86.130,"885,396","75,786,272.000","1,956,581,792.000",,,,,,
13-Dec-2022,84.980,-3.320,-3.760%,88.340,84.400,88.740,"851,975","73,328,912.000","1,880,795,520.000",,,,,,
12-Dec-2022,88.300,-2.200,-2.431%,88.330,86.900,88.780,"772,981","68,045,755.000","1,954,124,432.000",,,,,,
09-Dec-2022,90.500,+2.720,+3.099%,89.300,88.020,90.500,"629,261","56,355,956.000","2,022,170,187.000",,,,,,
08-Dec-2022,87.780,-2.280,-2.532%,88.200,86.970,89.340,"1,244,310","109,519,614.000","1,965,814,231.000",,,,,,
07-Dec-2022,90.060,+0.660,+0.738%,90.000,89.580,91.320,"1,277,119","115,288,652.000","2,075,333,845.000",,,,,,
06-Dec-2022,89.400,-1.240,-1.368%,88.670,87.800,89.500,"1,026,311","91,145,410.000","1,960,045,193.000",,,,,,
05-Dec-2022,90.640,+0.810,+0.902%,90.620,90.360,92.440,"864,938","78,704,110.000","2,051,190,603.000",,,,,,
02-Dec-2022,89.830,+0.600,+0.672%,89.200,88.810,91.100,"987,362","88,641,972.000","1,972,486,493.000",,,,,,
01-Dec-2022,89.230,+1.810,+2.070%,88.950,87.080,89.980,"863,776","76,677,046.000","1,883,844,521.000",,,,,,
30-Nov-2022,87.420,+3.650,+4.357%,82.500,82.500,88.720,"2,118,824","184,832,871.000","1,807,167,475.000",,,,,,
29-Nov-2022,83.770,+1.930,+2.358%,81.380,81.140,84.320,"686,961","57,171,890.000","1,622,334,604.000",,,,,,
28-Nov-2022,81.840,-0.490,-0.595%,81.600,79.060,82.000,"889,456","72,058,219.000","1,565,162,714.000",,,,,,
25-Nov-2022,82.330,-3.710,-4.312%,85.520,81.220,85.940,"1,207,709","99,722,832.000","1,637,220,933.000",,,,,,
24-Nov-2022,86.040,-0.870,-1.001%,87.000,85.500,87.500,"642,452","55,560,289.000","1,736,943,765.000",,,,,,
23-Nov-2022,86.910,+1.580,+1.852%,87.000,86.200,88.140,"956,191","83,148,966.000","1,792,504,054.000",,,,,,
22-Nov-2022,85.330,+2.350,+2.832%,84.240,83.530,86.610,"647,941","55,224,537.000","1,709,355,088.000",,,,,,
21-Nov-2022,82.980,-0.190,-0.228%,83.700,82.340,85.030,"793,016","66,120,425.000","1,654,130,551.000",,,,,,
18-Nov-2022,83.170,+0.220,+0.265%,82.950,80.000,84.020,"1,398,839","113,341,099.000","1,720,250,976.000",,,,,,
17-Nov-2022,82.950,+0.200,+0.242%,82.980,82.910,85.320,"868,162","72,558,345.000","1,606,909,877.000",,,,,,
16-Nov-2022,82.750,+2.510,+3.128%,80.300,80.300,83.090,"923,032","75,972,473.000","1,534,351,532.000",,,,,,
15-Nov-2022,80.240,-4.080,-4.839%,83.010,77.710,83.870,"1,542,451","122,793,173.000","1,458,379,059.000",,,,,,
14-Nov-2022,84.320,+2.540,+3.106%,83.090,83.090,86.350,"1,063,237","90,225,083.000","1,581,172,232.000",,,,,,
11-Nov-2022,81.780,-0.050,-0.061%,84.410,81.270,85.560,"1,483,981","122,008,686.000","1,490,947,149.000",,,,,,
10-Nov-2022,81.830,-0.870,-1.052%,80.210,79.500,82.940,"893,120","73,202,867.000","1,612,955,835.000",,,,,,
09-Nov-2022,82.700,+3.590,+4.538%,80.090,80.090,83.070,"961,297","79,014,909.000","1,686,158,702.000",,,,,,
08-Nov-2022,79.110,+3.730,+4.948%,76.800,76.220,79.190,"933,368","73,212,013.000","1,607,143,793.000",,,,,,
07-Nov-2022,75.380,+1.860,+2.530%,76.500,74.510,76.800,"791,465","59,795,792.000","1,533,931,780.000",,,,,,
04-Nov-2022,73.520,+3.310,+4.714%,70.000,70.000,74.620,"894,742","65,518,822.000","1,474,135,988.000",,,,,,
03-Nov-2022,70.210,-2.260,-3.119%,70.420,69.510,71.230,"1,039,886","73,185,270.000","1,408,617,166.000",,,,,,
02-Nov-2022,72.470,-1.240,-1.682%,74.410,71.500,74.800,"657,695","48,186,857.000","1,481,802,436.000",,,,,,
01-Nov-2022,73.710,+0.580,+0.793%,72.910,71.630,73.900,"794,356","58,106,695.000","1,529,989,293.000",,,,,,
31-Oct-2022,73.130,+1.480,+2.066%,72.580,72.030,73.690,"1,810,343","132,239,095.000","1,471,882,598.000",,,,,,
28-Oct-2022,71.650,-4.930,-6.438%,75.880,71.320,77.030,"1,270,836","93,051,405.000","1,339,643,503.000",,,,,,
27-Oct-2022,76.580,-0.320,-0.416%,78.500,76.580,80.000,"1,715,314","134,108,568.000","1,432,694,908.000",,,,,,
26-Oct-2022,76.900,+2.150,+2.876%,75.690,75.480,77.980,"1,713,471","131,962,241.000","1,566,803,476.000",,,,,,
25-Oct-2022,74.750,-1.330,-1.748%,76.690,73.130,78.140,"1,125,572","84,671,804.000","1,434,841,235.000",,,,,,
24-Oct-2022,76.080,+1.980,+2.672%,76.700,74.970,78.110,"1,454,915","111,300,207.000","1,519,513,039.000",,,,,,
21-Oct-2022,74.100,+2.210,+3.074%,71.880,71.200,74.490,"1,211,692","85,697,677.000","1,408,212,832.000",,,,,,
20-Oct-2022,71.890,-0.400,-0.553%,71.770,71.160,73.100,"1,667,685","120,646,578.000","1,322,515,155.000",,,,,,
19-Oct-2022,72.290,+2.800,+4.029%,69.800,69.380,72.400,"784,719","56,177,305.000","1,443,161,733.000",,,,,,
18-Oct-2022,69.490,+0.570,+0.827%,70.360,67.740,70.680,"912,222","63,102,026.000","1,386,984,428.000",,,,,,
17-Oct-2022,68.920,-2.030,-2.861%,69.490,68.220,69.920,"763,409","52,479,007.000","1,323,882,402.000",,,,,,
14-Oct-2022,70.950,+1.850,+2.677%,70.510,70.020,71.130,"1,085,226","76,643,515.000","1,376,361,409.000",,,,,,
13-Oct-2022,69.100,-1.020,-1.455%,69.100,68.340,70.430,"927,819","64,439,284.000","1,299,717,894.000",,,,,,
12-Oct-2022,70.120,-2.660,-3.655%,72.370,69.620,72.700,"869,665","61,338,275.000","1,364,157,178.000",,,,,,
11-Oct-2022,72.780,+1.970,+2.782%,71.850,71.110,73.790,"1,242,727","90,539,021.000","1,425,495,453.000",,,,,,
10-Oct-2022,70.810,-1.270,-1.762%,71.110,70.140,72.450,"855,749","60,920,964.000","1,334,956,432.000",,,,,,
07-Oct-2022,72.080,-0.930,-1.274%,71.650,70.240,73.140,"1,002,100","72,512,507.000","1,395,877,396.000",,,,,,
06-Oct-2022,73.010,+0.910,+1.262%,71.000,71.000,73.930,"841,554","61,422,804.000","1,468,389,903.000",,,,,,
05-Oct-2022,72.100,+2.360,+3.384%,70.540,69.760,72.420,"1,283,147","91,997,330.000","1,406,967,099.000",,,,,,
04-Oct-2022,69.740,+3.590,+5.427%,67.840,67.500,70.150,"1,027,457","71,017,464.000","1,314,969,769.000",,,,,,
03-Oct-2022,66.150,+0.400,+0.608%,66.100,64.810,67.690,"754,794","49,782,547.000","1,243,952,305.000",,,,,,
30-Sep-2022,65.750,+0.120,+0.183%,66.440,64.970,66.500,"1,038,334","68,283,390.000","1,194,169,758.000",,,,,,
29-Sep-2022,65.630,+2.170,+3.419%,66.490,65.500,66.750,"876,755","57,832,195.000","1,125,886,368.000",,,,,,
28-Sep-2022,63.460,-2.430,-3.688%,66.400,63.090,66.520,"804,267","51,563,481.000","1,068,054,173.000",,,,,,
27-Sep-2022,65.890,+3.630,+5.830%,63.100,63.100,66.190,"1,078,015","70,220,707.000","1,119,617,654.000",,,,,,
26-Sep-2022,62.260,-5.370,-7.940%,65.220,62.260,65.710,"1,276,526","80,846,955.000","1,049,396,947.000",,,,,,
23-Sep-2022,67.630,-2.330,-3.330%,69.110,66.800,71.050,"951,082","64,854,049.000","1,130,243,902.000",,,,,,
21-Sep-2022,69.960,-1.620,-2.263%,70.280,69.900,71.220,"777,971","54,563,191.000","1,195,097,951.000",,,,,,
20-Sep-2022,71.580,+3.580,+5.265%,69.950,69.875,71.950,"1,190,032","84,516,133.000","1,249,661,142.000",,,,,,
19-Sep-2022,68.000,+1.610,+2.425%,67.100,66.510,69.830,"1,040,578","71,222,126.000","1,165,145,009.000",,,,,,
16-Sep-2022,66.390,-3.620,-5.171%,68.560,66.390,69.200,"1,963,506","130,733,114.000","1,093,922,883.000",,,,,,
15-Sep-2022,70.010,-1.440,-2.015%,71.500,69.810,72.450,"1,201,930","85,099,931.000","1,224,655,997.000",,,,,,
14-Sep-2022,71.450,-2.350,-3.184%,71.070,70.700,73.500,"1,456,923","104,897,451.000","1,309,755,928.000",,,,,,
13-Sep-2022,73.800,+0.720,+0.985%,73.950,72.845,75.650,"1,282,916","95,175,709.000","1,414,653,379.000",,,,,,
12-Sep-2022,73.080,+1.570,+2.195%,72.000,71.850,74.200,"1,624,824","118,985,695.000","1,319,477,670.000",,,,,,
09-Sep-2022,71.510,+8.550,+13.580%,72.590,69.350,72.750,"3,946,164","279,213,786.000","1,200,491,975.000",,,,,,
08-Sep-2022,62.960,+3.460,+5.815%,60.030,60.030,63.540,"1,087,214","68,007,782.000","921,278,189.000",,,,,,
07-Sep-2022,59.500,-0.840,-1.392%,59.660,58.025,60.150,"1,042,487","61,794,189.000","853,270,407.000",,,,,,
06-Sep-2022,60.340,+0.400,+0.667%,60.270,59.870,61.580,"747,900","45,315,560.000","915,064,596.000",,,,,,
05-Sep-2022,59.940,+1.230,+2.095%,58.720,58.650,60.100,"1,024,695","61,165,358.000","869,749,036.000",,,,,,
02-Sep-2022,58.710,-4.080,-6.498%,59.900,58.710,60.850,"1,466,771","86,278,161.000","808,583,678.000",,,,,,
01-Sep-2022,62.790,-1.180,-1.845%,62.830,62.490,64.330,"1,350,192","85,394,234.000","894,861,839.000",,,,,,
31-Aug-2022,63.970,-3.990,-5.871%,66.580,63.830,67.480,"2,028,631","131,943,736.000","980,256,073.000",,,,,,
30-Aug-2022,67.960,+3.970,+6.204%,65.360,65.030,68.500,"1,696,912","113,801,938.000","1,112,199,809.000",,,,,,
29-Aug-2022,63.990,-1.130,-1.735%,60.820,60.580,64.320,"1,377,513","87,050,574.000","998,397,871.000",,,,,,
26-Aug-2022,65.120,+1.150,+1.798%,65.240,63.970,65.580,"989,490","64,304,923.000","1,085,448,445.000",,,,,,
25-Aug-2022,63.970,+0.380,+0.598%,64.500,63.380,65.080,"919,520","59,214,493.000","1,021,143,522.000",,,,,,
24-Aug-2022,63.590,+1.840,+2.980%,62.760,62.520,63.970,"881,524","55,879,110.000","961,929,029.000",,,,,,
23-Aug-2022,61.750,+0.190,+0.309%,61.400,61.000,63.160,"729,870","45,297,947.000","906,049,919.000",,,,,,
22-Aug-2022,61.560,+0.660,+1.084%,59.600,59.280,62.070,"772,433","47,416,965.000","860,751,972.000",,,,,,
19-Aug-2022,60.900,+1.000,+1.669%,60.980,59.940,60.980,"911,430","53,292,495.000","813,335,007.000",,,,,,
18-Aug-2022,59.900,-0.620,-1.024%,59.350,57.590,59.990,"1,083,399","64,122,418.000","760,042,512.000",,,,,,
17-Aug-2022,60.520,-0.050,-0.083%,60.750,59.720,61.660,"910,760","55,242,607.000","824,164,930.000",,,,,,
16-Aug-2022,60.570,-0.240,-0.395%,60.770,60.010,61.990,"961,213","58,181,220.000","879,407,537.000",,,,,,
15-Aug-2022,60.810,+1.460,+2.460%,60.250,60.250,61.890,"772,233","46,992,613.000","937,588,757.000",,,,,,
12-Aug-2022,59.350,-0.120,-0.202%,59.200,58.670,60.080,"783,064","46,464,712.000","890,596,144.000",,,,,,
11-Aug-2022,59.470,+0.740,+1.260%,60.000,58.510,60.240,"970,491","57,719,054.000","937,060,856.000",,,,,,
10-Aug-2022,58.730,-1.200,-2.002%,59.000,58.260,59.720,"718,901","42,450,295.000","879,341,802.000",,,,,,
09-Aug-2022,59.930,+2.050,+3.542%,58.000,57.720,59.940,"1,411,418","83,853,768.000","921,792,097.000",,,,,,
08-Aug-2022,57.880,+0.230,+0.399%,57.600,56.850,59.480,"1,380,732","80,358,133.000","837,938,329.000",,,,,,
05-Aug-2022,57.650,+2.150,+3.874%,55.670,55.600,57.860,"910,533","51,977,330.000","757,580,196.000",,,,,,
04-Aug-2022,55.500,+0.700,+1.277%,54.850,54.580,55.820,"1,339,169","74,223,591.000","705,602,866.000",,,,,,
03-Aug-2022,54.800,+1.720,+3.240%,52.890,52.385,55.200,"1,066,887","58,088,754.000","631,379,275.000",,,,,,
02-Aug-2022,53.080,-0.880,-1.631%,53.510,52.380,54.180,"1,109,965","59,076,085.000","573,290,521.000",,,,,,
01-Aug-2022,53.960,+0.220,+0.409%,54.510,53.820,55.100,"918,089","49,892,156.000","632,366,606.000",,,,,,
29-Jul-2022,53.740,+0.530,+0.996%,54.610,53.520,56.050,"1,829,089","99,229,432.000","582,474,450.000",,,,,,
28-Jul-2022,53.210,+4.410,+9.037%,50.990,49.520,53.650,"2,970,775","155,580,557.000","483,245,018.000",,,,,,
27-Jul-2022,48.800,-0.420,-0.853%,49.180,48.380,49.670,"1,093,958","53,547,699.000","327,664,461.000",,,,,,
26-Jul-2022,49.220,+1.610,+3.382%,48.000,47.980,49.220,"1,013,864","49,557,599.000","381,212,160.000",,,,,,
25-Jul-2022,47.610,+0.790,+1.687%,47.350,47.090,48.140,"824,207","39,188,851.000","331,654,561.000",,,,,,
22-Jul-2022,46.820,-0.730,-1.535%,47.620,46.500,47.900,"1,408,485","72,663,860.000","292,465,710.000",,,,,,
21-Jul-2022,47.550,+0.020,+0.042%,47.310,46.340,47.620,"1,031,314","48,576,435.000","365,129,570.000",,,,,,
20-Jul-2022,47.530,+2.390,+5.295%,46.600,46.175,47.900,"1,128,393","53,205,989.000","316,553,135.000",,,,,,
19-Jul-2022,45.140,+0.020,+0.044%,45.040,44.950,46.700,"1,029,555","47,022,881.000","263,347,146.000",,,,,,
18-Jul-2022,45.120,+1.740,+4.011%,44.170,43.500,45.120,"1,097,896","48,800,314.000","216,324,265.000",,,,,,
15-Jul-2022,43.380,-3.530,-7.525%,45.000,43.370,45.050,"2,002,551","88,074,459.000","167,523,951.000",,,,,,
14-Jul-2022,46.910,+2.520,+5.677%,44.740,44.730,46.910,"1,987,685","92,596,415.000","255,598,410.000",,,,,,
13-Jul-2022,44.390,-0.420,-0.937%,44.000,43.270,44.655,"1,137,693","50,318,444.000","163,001,995.000",,,,,,
12-Jul-2022,44.810,-1.200,-2.608%,45.800,44.310,45.820,"1,230,298","55,323,329.000","213,320,439.000",,,,,,
11-Jul-2022,46.010,-0.870,-1.856%,47.970,46.010,48.000,"1,163,803","54,227,797.000","268,643,768.000",,,,,,
08-Jul-2022,46.880,+2.050,+4.573%,46.980,45.870,47.740,"1,735,959","81,831,506.000","322,871,565.000",,,,,,
07-Jul-2022,44.830,+1.940,+4.523%,44.290,44.000,45.160,"1,633,186","72,729,590.000","241,040,059.000",,,,,,
06-Jul-2022,42.890,-2.620,-5.757%,44.870,42.750,45.000,"1,416,682","61,414,723.000","168,310,469.000",,,,,,
05-Jul-2022,45.510,-0.450,-0.979%,46.450,45.510,46.750,"893,111","40,830,784.000","229,725,192.000",,,,,,
04-Jul-2022,45.960,-0.320,-0.691%,46.990,45.300,47.400,"1,021,678","47,035,450.000","270,555,976.000",,,,,,
01-Jul-2022,46.280,-1.990,-4.123%,48.340,46.270,48.910,"1,224,806","57,485,064.000","317,591,426.000",,,,,,
30-Jun-2022,48.270,-0.900,-1.830%,48.810,47.920,50.000,"1,536,516","74,905,201.000","375,076,490.000",,,,,,
29-Jun-2022,49.170,-0.250,-0.506%,49.370,48.645,49.880,"1,390,737","68,228,104.000","449,981,691.000",,,,,,
28-Jun-2022,49.420,+0.710,+1.458%,48.860,48.500,49.930,"1,333,178","65,843,766.000","518,209,795.000",,,,,,
27-Jun-2022,48.710,+0.510,+1.058%,49.260,48.510,50.190,"1,341,730","65,982,661.000","452,366,029.000",,,,,,
24-Jun-2022,48.200,+0.980,+2.075%,46.650,46.650,48.500,"1,027,687","49,120,249.000","386,383,368.000",,,,,,
23-Jun-2022,47.220,-1.550,-3.178%,48.100,46.530,48.340,"1,213,979","57,512,563.000","337,263,119.000",,,,,,
22-Jun-2022,48.770,-0.540,-1.095%,50.000,48.080,50.210,"1,168,220","57,122,961.000","394,775,682.000",,,,,,
21-Jun-2022,49.310,+1.000,+2.070%,49.490,48.640,50.000,"1,122,549","55,116,199.000","451,898,643.000",,,,,,
20-Jun-2022,48.310,-3.480,-6.719%,51.310,48.050,51.500,"1,129,054","55,324,331.000","396,782,444.000",,,,,,
17-Jun-2022,51.790,-1.660,-3.106%,52.000,51.280,52.510,"4,919,295","255,298,397.000","452,106,775.000",,,,,,
16-Jun-2022,53.450,-0.090,-0.168%,54.100,52.860,55.000,"1,321,642","71,094,183.000","707,405,172.000",,,,,,
15-Jun-2022,53.540,-2.020,-3.636%,55.170,53.400,55.490,"1,375,521","74,468,129.000","778,499,355.000",,,,,,
14-Jun-2022,55.560,-1.250,-2.200%,53.500,52.720,55.560,"1,580,039","86,026,057.000","852,967,484.000",,,,,,
10-Jun-2022,56.810,-1.110,-1.916%,57.090,55.880,57.690,"1,184,281","67,018,921.000","938,993,541.000",,,,,,
09-Jun-2022,57.920,-2.530,-4.185%,60.240,57.920,60.390,"852,011","50,031,513.000","1,006,012,462.000",,,,,,
08-Jun-2022,60.450,+0.980,+1.648%,60.390,59.230,60.900,"982,363","58,953,935.000","1,056,043,975.000",,,,,,
07-Jun-2022,59.470,-0.170,-0.285%,59.900,58.990,60.680,"717,397","42,846,797.000","997,090,040.000",,,,,,
06-Jun-2022,59.640,-0.710,-1.176%,60.000,59.600,60.920,"863,750","51,849,058.000","1,039,936,837.000",,,,,,
03-Jun-2022,60.350,+2.770,+4.811%,59.310,59.300,60.660,"959,822","57,733,971.000","1,091,785,895.000",,,,,,
02-Jun-2022,57.580,-1.120,-1.908%,58.260,56.620,59.450,"1,370,002","78,785,175.000","1,034,051,924.000",,,,,,
01-Jun-2022,58.700,-5.150,-8.066%,63.940,58.310,63.940,"1,783,683","106,329,722.000","1,112,837,099.000",,,,,,
31-May-2022,63.850,+1.150,+1.834%,63.290,62.635,64.180,"3,409,501","217,521,058.000","1,219,166,821.000",,,,,,
30-May-2022,62.700,+1.410,+2.301%,62.200,61.590,63.090,"885,018","55,247,005.000","1,001,645,763.000",,,,,,
27-May-2022,61.290,+1.070,+1.777%,61.980,61.000,61.990,"857,157","52,613,195.000","946,398,758.000",,,,,,
26-May-2022,60.220,-0.380,-0.627%,61.000,58.880,61.360,"1,068,277","64,381,594.000","893,785,563.000",,,,,,
25-May-2022,60.600,-0.030,-0.049%,61.500,60.115,61.740,"756,639","45,935,610.000","958,167,157.000",,,,,,
24-May-2022,60.630,+0.990,+1.660%,60.660,60.080,62.160,"1,359,294","83,270,017.000","1,004,102,767.000",,,,,,
23-May-2022,59.640,-0.180,-0.301%,60.900,59.640,61.990,"794,044","48,056,904.000","920,832,750.000",,,,,,
20-May-2022,59.820,+0.490,+0.826%,60.810,59.130,61.320,"1,981,389","117,924,709.000","968,889,654.000",,,,,,
19-May-2022,59.330,-1.440,-2.370%,58.300,57.850,59.750,"993,383","58,742,600.000","850,964,945.000",,,,,,
18-May-2022,60.770,+2.610,+4.488%,60.000,59.180,61.000,"1,359,787","82,016,848.000","909,707,545.000",,,,,,
17-May-2022,58.160,+3.140,+5.707%,56.340,56.200,58.420,"861,925","49,840,672.000","827,690,697.000",,,,,,
16-May-2022,55.020,+0.950,+1.757%,55.470,54.260,56.210,"847,742","46,756,261.000","777,850,025.000",,,,,,
13-May-2022,54.070,+0.950,+1.788%,53.040,53.000,54.460,"980,308","52,859,768.000","731,093,764.000",,,,,,
12-May-2022,53.120,-1.140,-2.101%,54.000,52.820,55.140,"1,118,432","60,102,557.000","678,233,996.000",,,,,,
11-May-2022,54.260,+1.550,+2.941%,52.500,51.850,54.650,"881,277","47,369,870.000","738,336,553.000",,,,,,
10-May-2022,52.710,-1.020,-1.898%,52.000,51.050,53.040,"1,413,033","73,860,523.000","690,966,683.000",,,,,,
09-May-2022,53.730,-2.630,-4.666%,55.100,52.840,55.270,"761,503","41,153,106.000","764,827,206.000",,,,,,
06-May-2022,56.360,+0.180,+0.320%,53.800,53.650,56.460,"953,957","52,979,649.000","805,980,312.000",,,,,,
05-May-2022,56.180,+1.940,+3.577%,56.110,55.420,56.500,"580,736","32,532,023.000","753,000,663.000",,,,,,
04-May-2022,54.240,-1.840,-3.281%,56.080,54.100,56.615,"956,394","52,515,898.000","720,468,640.000",,,,,,
03-May-2022,56.080,-0.920,-1.614%,57.020,55.840,57.850,"709,680","40,024,065.000","772,984,538.000",,,,,,
02-May-2022,57.000,-1.540,-2.631%,57.790,56.840,57.880,"605,330","34,595,277.000","813,008,603.000",,,,,,
29-Apr-2022,58.540,+0.390,+0.671%,58.870,57.800,59.280,"787,690","46,065,939.000","847,603,880.000",,,,,,
28-Apr-2022,58.150,+2.660,+4.794%,56.800,56.010,58.680,"1,234,369","71,285,745.000","801,537,941.000",,,,,,
27-Apr-2022,55.490,+0.820,+1.500%,54.580,54.450,55.720,"1,087,557","60,094,482.000","730,252,196.000",,,,,,
26-Apr-2022,54.670,-6.030,-9.934%,55.060,53.630,56.330,"2,354,788","129,385,154.000","670,157,714.000",,,,,,
22-Apr-2022,60.700,-1.350,-2.176%,61.180,58.880,62.100,"1,557,950","92,446,171.000","799,542,868.000",,,,,,
21-Apr-2022,62.050,+0.650,+1.059%,62.030,61.750,63.020,"1,122,216","69,948,029.000","891,989,039.000",,,,,,
20-Apr-2022,61.400,-0.260,-0.422%,61.850,60.360,62.480,"874,049","53,630,198.000","822,041,010.000",,,,,,
19-Apr-2022,61.660,-0.370,-0.596%,63.200,61.200,63.500,"1,033,409","64,103,483.000","875,671,208.000",,,,,,
14-Apr-2022,62.030,+0.230,+0.372%,62.510,61.440,62.790,"706,899","43,906,286.000","939,774,691.000",,,,,,
13-Apr-2022,61.800,+2.640,+4.462%,59.840,59.780,61.970,"771,518","47,270,697.000","895,868,405.000",,,,,,
12-Apr-2022,59.160,-0.130,-0.219%,59.830,59.070,60.660,"1,073,175","63,949,892.000","848,597,708.000",,,,,,
11-Apr-2022,59.290,-2.010,-3.279%,61.680,58.990,62.000,"1,050,816","63,140,079.000","912,547,600.000",,,,,,
08-Apr-2022,61.300,+1.290,+2.150%,61.590,60.720,62.140,"877,599","53,847,746.000","975,687,679.000",,,,,,
07-Apr-2022,60.010,-0.340,-0.563%,59.750,59.100,61.090,"1,485,286","89,309,488.000","921,839,933.000",,,,,,
06-Apr-2022,60.350,+0.680,+1.140%,58.940,58.120,61.280,"2,675,574","161,142,546.000","1,011,149,421.000",,,,,,
05-Apr-2022,59.670,+3.210,+5.685%,57.900,56.800,60.080,"2,341,576","137,655,696.000","850,006,875.000",,,,,,
04-Apr-2022,56.460,+1.870,+3.426%,55.590,55.120,56.740,"1,290,398","72,191,487.000","712,351,179.000",,,,,,
01-Apr-2022,54.590,+1.880,+3.567%,52.910,52.750,54.590,"1,384,311","74,874,077.000","640,159,692.000",,,,,,
31-Mar-2022,52.710,+2.200,+4.356%,51.240,51.140,52.710,"1,353,362","70,872,920.000","565,285,615.000",,,,,,
30-Mar-2022,50.510,+0.520,+1.040%,49.550,49.260,50.650,"1,089,307","54,725,369.000","494,412,695.000",,,,,,
29-Mar-2022,49.990,+0.780,+1.585%,49.790,48.850,50.240,"713,390","35,547,852.000","439,687,326.000",,,,,,
28-Mar-2022,49.210,+0.520,+1.068%,49.560,49.210,50.680,"873,155","43,449,218.000","404,139,474.000",,,,,,
25-Mar-2022,48.690,+0.190,+0.392%,48.950,48.690,49.680,"834,669","40,896,478.000","360,690,256.000",,,,,,
24-Mar-2022,48.500,+0.170,+0.352%,49.350,48.245,49.700,"1,058,469","51,600,553.000","319,793,778.000",,,,,,
23-Mar-2022,48.330,-0.760,-1.548%,49.070,48.070,49.100,"803,447","38,851,319.000","268,193,225.000",,,,,,
22-Mar-2022,49.090,+2.270,+4.848%,47.880,47.420,49.380,"1,259,066","61,306,742.000","307,044,544.000",,,,,,
21-Mar-2022,46.820,+0.510,+1.101%,46.940,46.730,47.770,"592,779","27,952,694.000","245,737,802.000",,,,,,
18-Mar-2022,46.310,+0.560,+1.224%,46.610,45.800,46.730,"1,751,661","81,476,243.000","217,785,108.000",,,,,,
17-Mar-2022,45.750,+1.490,+3.366%,45.360,45.150,45.970,"842,621","38,532,372.000","136,308,865.000",,,,,,
16-Mar-2022,44.260,-0.270,-0.606%,44.570,43.990,44.970,"1,352,751","60,073,844.000","97,776,493.000",,,,,,
15-Mar-2022,44.530,-2.290,-4.891%,44.850,43.670,45.280,"1,602,828","71,153,771.000","157,850,337.000",,,,,,
14-Mar-2022,46.820,+0.390,+0.840%,47.000,46.060,47.200,"962,199","44,868,570.000","229,004,108.000",,,,,,
11-Mar-2022,46.430,+1.240,+2.744%,46.210,45.510,46.740,"1,192,577","54,954,976.000","184,135,538.000",,,,,,
10-Mar-2022,45.190,-1.900,-4.035%,46.000,44.630,46.920,"1,580,075","71,509,918.000","129,180,562.000",,,,,,
09-Mar-2022,47.090,+1.180,+2.570%,47.670,46.250,48.080,"1,175,060","55,440,151.000","200,690,480.000",,,,,,
08-Mar-2022,45.910,-2.120,-4.414%,48.600,45.710,48.650,"1,188,139","55,824,101.000","145,250,329.000",,,,,,
07-Mar-2022,48.030,+0.120,+0.250%,48.660,46.950,49.600,"1,672,320","79,836,837.000","201,074,430.000",,,,,,
04-Mar-2022,47.910,+0.440,+0.927%,48.780,47.100,48.950,"2,323,099","111,282,921.000","121,237,593.000",,,,,,
03-Mar-2022,47.470,+1.570,+3.420%,47.180,47.070,48.420,"1,625,208","77,239,655.000","9,954,672.000",,,,,,
02-Mar-2022,45.900,+0.580,+1.280%,45.380,45.340,46.990,"1,892,457","86,703,623.000","-67,284,983.000",,,,,,
01-Mar-2022,45.320,+0.070,+0.155%,45.640,44.760,46.230,"2,093,046","94,903,612.000","-153,988,606.000",,,,,,
28-Feb-2022,45.250,+0.420,+0.937%,45.860,44.040,46.800,"19,049,503","863,348,761.000","-248,892,218.000",,,,,,
25-Feb-2022,44.830,+1.110,+2.539%,44.420,44.050,45.410,"1,977,361","88,581,917.000","-1,112,240,979.000",,,,,,
24-Feb-2022,43.720,-3.010,-6.441%,46.260,43.560,46.980,"2,569,927","114,679,004.000","-1,200,822,896.000",,,,,,
23-Feb-2022,46.730,+1.150,+2.523%,45.000,44.900,47.490,"1,529,066","71,471,592.000","-1,086,143,892.000",,,,,,
22-Feb-2022,45.580,-1.780,-3.758%,47.120,45.380,47.290,"2,079,701","95,543,033.000","-1,157,615,484.000",,,,,,
21-Feb-2022,47.360,-0.400,-0.838%,46.300,45.940,47.860,"1,481,760","69,940,650.000","-1,062,072,451.000",,,,,,
18-Feb-2022,47.760,-0.300,-0.624%,46.780,46.700,48.500,"1,634,916","80,477,817.000","-992,131,801.000",,,,,,
17-Feb-2022,48.060,-1.270,-2.574%,49.950,47.950,49.960,"1,757,382","85,219,389.000","-911,653,984.000",,,,,,
16-Feb-2022,49.330,+0.890,+1.837%,48.600,47.720,49.785,"1,602,915","78,536,964.000","-826,434,595.000",,,,,,
15-Feb-2022,48.440,-2.730,-5.335%,50.110,48.405,50.810,"2,382,604","116,597,186.000","-904,971,559.000",,,,,,
14-Feb-2022,51.170,-2.030,-3.816%,52.890,50.510,52.940,"1,814,370","93,117,654.000","-788,374,373.000",,,,,,
11-Feb-2022,53.200,-1.420,-2.600%,54.470,52.920,55.160,"1,447,615","77,630,528.000","-695,256,719.000",,,,,,
10-Feb-2022,54.620,+1.900,+3.604%,54.290,53.120,55.370,"2,730,110","148,876,420.000","-617,626,191.000",,,,,,
09-Feb-2022,52.720,-5.160,-8.915%,51.000,50.360,56.630,"4,901,110","260,083,598.000","-766,502,611.000",,,,,,
08-Feb-2022,57.880,-1.110,-1.882%,58.990,57.420,59.960,"1,569,918","91,613,208.000","-506,419,013.000",,,,,,
07-Feb-2022,58.990,+0.890,+1.532%,56.010,55.960,59.600,"1,370,456","80,359,398.000","-414,805,805.000",,,,,,
04-Feb-2022,58.100,-0.550,-0.938%,58.230,57.220,58.770,"1,055,391","61,186,701.000","-495,165,203.000",,,,,,
03-Feb-2022,58.650,0.000,0.000%,59.020,57.760,59.450,"1,200,032","70,553,178.000","-433,978,502.000",,,,,,
02-Feb-2022,58.650,+1.250,+2.178%,58.990,58.100,59.980,"1,176,744","69,209,089.000","-504,531,680.000",,,,,,
01-Feb-2022,57.400,+1.990,+3.591%,55.510,55.200,57.770,"1,478,591","84,090,739.000","-573,740,769.000",,,,,,
31-Jan-2022,55.410,+1.560,+2.897%,53.990,52.880,55.600,"1,111,686","61,112,638.000","-657,831,508.000",,,,,,
28-Jan-2022,53.850,-0.090,-0.167%,55.050,52.770,55.800,"4,526,608","243,927,438.000","-718,944,146.000",,,,,,
27-Jan-2022,53.940,-3.180,-5.567%,56.400,52.040,57.000,"2,741,985","148,681,390.000","-475,016,708.000",,,,,,
25-Jan-2022,57.120,-4.600,-7.453%,60.210,56.500,61.320,"3,181,647","184,346,330.000","-326,335,318.000",,,,,,
24-Jan-2022,61.720,-2.240,-3.502%,61.900,58.190,63.100,"2,192,303","135,038,391.000","-141,988,988.000",,,,,,
21-Jan-2022,63.960,-2.010,-3.047%,65.150,62.840,65.680,"2,271,832","143,064,883.000","-6,950,597.000",,,,,,
20-Jan-2022,65.970,+1.770,+2.757%,63.520,63.520,66.740,"1,248,858","82,280,112.000","136,114,286.000",,,,,,
19-Jan-2022,64.200,-0.150,-0.233%,63.280,63.280,65.370,"1,316,228","84,623,141.000","53,834,174.000",,,,,,
18-Jan-2022,64.350,-0.620,-0.954%,64.000,62.595,65.120,"1,711,959","109,726,474.000","138,457,315.000",,,,,,
17-Jan-2022,64.970,-0.650,-0.991%,65.900,64.790,66.880,"1,201,935","78,503,232.000","248,183,789.000",,,,,,
14-Jan-2022,65.620,+1.360,+2.116%,63.000,62.540,65.840,"1,394,145","90,287,104.000","326,687,021.000",,,,,,
13-Jan-2022,64.260,+1.840,+2.948%,62.480,62.420,65.180,"1,539,375","98,924,543.000","236,399,917.000",,,,,,
12-Jan-2022,62.420,+1.690,+2.783%,62.000,61.150,62.880,"1,161,787","72,356,456.000","137,475,374.000",,,,,,
11-Jan-2022,60.730,+0.110,+0.181%,60.000,59.500,61.720,"935,406","56,852,209.000","65,118,918.000",,,,,,
10-Jan-2022,60.620,+1.570,+2.659%,59.080,59.070,60.800,"982,817","59,193,750.000","8,266,709.000",,,,,,
07-Jan-2022,59.050,+1.110,+1.916%,57.840,57.640,59.950,"1,414,443","83,373,221.000","-50,927,041.000",,,,,,
06-Jan-2022,57.940,-0.490,-0.839%,57.840,56.890,58.680,"2,249,617","130,213,583.000","-134,300,262.000",,,,,,
05-Jan-2022,58.430,-0.250,-0.426%,59.890,57.900,59.900,"1,051,852","61,545,883.000","-4,086,679.000",,,,,,
04-Jan-2022,58.680,+2.680,+4.786%,56.220,56.220,59.120,"1,063,129","61,991,836.000","57,459,204.000",,,,,,
31-Dec-2021,56.000,-1.540,-2.676%,57.610,56.000,57.750,"589,938","33,327,410.000","-4,532,632.000",,,,,,
30-Dec-2021,57.540,+1.340,+2.384%,57.200,56.590,57.850,"585,281","33,553,944.000","28,794,778.000",,,,,,
29-Dec-2021,56.200,+1.210,+2.200%,55.300,54.810,56.220,"739,451","41,264,907.000","-4,759,166.000",,,,,,
24-Dec-2021,54.990,+1.800,+3.384%,54.400,53.330,54.990,"478,683","26,008,258.000","-46,024,073.000",,,,,,
23-Dec-2021,53.190,+1.190,+2.288%,52.600,52.410,53.410,"847,115","44,891,131.000","-72,032,331.000",,,,,,
22-Dec-2021,52.000,+1.890,+3.772%,50.890,50.890,52.300,"1,029,734","53,364,729.000","-116,923,462.000",,,,,,
21-Dec-2021,50.110,+0.870,+1.767%,49.050,49.050,50.150,"537,477","26,823,158.000","-170,288,191.000",,,,,,
20-Dec-2021,49.240,-0.240,-0.485%,49.010,48.160,49.420,"888,250","43,484,257.000","-197,111,349.000",,,,,,
17-Dec-2021,49.480,+0.990,+2.042%,49.210,49.020,50.230,"1,637,128","79,243,167.000","-153,627,092.000",,,,,,
16-Dec-2021,48.490,-0.510,-1.041%,48.200,48.010,49.430,"2,765,013","134,251,780.000","-232,870,259.000",,,,,,
15-Dec-2021,49.000,-0.410,-0.830%,49.970,48.800,50.570,"1,016,976","50,245,542.000","-98,618,479.000",,,,,,
14-Dec-2021,49.410,+0.590,+1.209%,48.800,48.300,49.870,"1,006,593","49,758,175.000","-48,372,937.000",,,,,,
13-Dec-2021,48.820,+1.250,+2.628%,47.520,47.100,49.030,"1,008,522","48,792,246.000","-98,131,112.000",,,,,,
10-Dec-2021,47.570,+0.370,+0.784%,47.100,46.880,47.870,"741,895","35,234,826.000","-146,923,358.000",,,,,,
09-Dec-2021,47.200,+0.130,+0.276%,47.430,46.570,47.580,"1,046,624","49,449,539.000","-182,158,184.000",,,,,,
08-Dec-2021,47.070,+2.600,+5.847%,45.710,45.710,47.340,"1,357,158","63,569,209.000","-231,607,723.000",,,,,,
07-Dec-2021,44.470,+0.480,+1.091%,44.440,43.600,44.950,"998,007","44,179,923.000","-295,176,932.000",,,,,,
06-Dec-2021,43.990,-0.790,-1.764%,44.430,43.660,44.645,"904,621","39,868,333.000","-339,356,855.000",,,,,,
03-Dec-2021,44.780,-0.140,-0.312%,45.990,44.530,46.400,"1,023,601","46,152,383.000","-299,488,522.000",,,,,,
02-Dec-2021,44.920,0.000,0.000%,44.000,43.800,45.280,"1,145,991","51,069,127.000","-253,336,139.000",,,,,,
01-Dec-2021,44.920,-0.340,-0.751%,44.410,44.010,45.230,"951,081","42,681,661.000","-202,267,012.000",,,,,,
30-Nov-2021,45.260,+0.270,+0.600%,45.700,45.020,46.340,"1,930,851","87,727,029.000","-159,585,351.000",,,,,,
29-Nov-2021,44.990,+1.460,+3.354%,42.000,41.500,45.100,"1,250,573","55,166,317.000","-247,312,380.000",,,,,,
26-Nov-2021,43.530,-2.220,-4.852%,44.800,43.110,44.880,"952,167","41,841,887.000","-302,478,697.000",,,,,,
25-Nov-2021,45.750,+1.940,+4.428%,44.000,43.050,45.880,"1,492,594","67,610,445.000","-260,636,810.000",,,,,,
24-Nov-2021,43.810,-0.290,-0.658%,43.950,43.120,44.520,"1,056,319","46,376,419.000","-328,247,255.000",,,,,,
23-Nov-2021,44.100,+2.070,+4.925%,43.020,42.500,44.330,"1,796,131","78,392,632.000","-281,870,836.000",,,,,,
22-Nov-2021,42.030,+0.650,+1.571%,41.500,41.340,42.780,"1,311,738","55,127,883.000","-360,263,468.000",,,,,,
19-Nov-2021,41.380,+1.380,+3.450%,40.250,40.090,42.100,"2,163,506","89,491,953.000","-415,391,351.000",,,,,,
18-Nov-2021,40.000,-0.900,-2.200%,39.070,38.160,40.030,"2,731,952","107,943,073.000","-504,883,304.000",,,,,,
17-Nov-2021,40.900,+0.010,+0.024%,41.250,40.370,41.300,"1,123,888","45,908,747.000","-396,940,231.000",,,,,,
16-Nov-2021,40.890,-0.280,-0.680%,41.170,40.720,41.440,"1,336,801","54,913,374.000","-442,848,978.000",,,,,,
15-Nov-2021,41.170,+1.330,+3.338%,40.450,40.310,41.680,"2,426,409","99,776,591.000","-387,935,604.000",,,,,,
12-Nov-2021,39.840,+0.650,+1.659%,39.990,39.710,40.850,"1,319,533","52,969,645.000","-487,712,195.000",,,,,,
11-Nov-2021,39.190,+2.140,+5.776%,37.500,37.380,39.640,"1,293,972","50,310,922.000","-540,681,840.000",,,,,,
10-Nov-2021,37.050,-1.600,-4.140%,38.000,36.950,38.180,"1,302,220","48,791,081.000","-590,992,762.000",,,,,,
09-Nov-2021,38.650,+0.260,+0.677%,39.300,38.260,39.440,"1,042,714","40,343,906.000","-542,201,681.000",,,,,,
08-Nov-2021,38.390,+0.510,+1.346%,38.240,38.190,39.030,"847,669","32,648,003.000","-582,545,587.000",,,,,,
05-Nov-2021,37.880,-0.280,-0.734%,38.300,37.770,38.755,"1,118,009","42,485,655.000","-615,193,590.000",,,,,,
04-Nov-2021,38.160,-0.920,-2.354%,38.980,38.100,39.380,"1,161,135","44,608,007.000","-572,707,935.000",,,,,,
03-Nov-2021,39.080,+1.470,+3.909%,38.200,38.140,39.380,"1,289,377","50,237,573.000","-528,099,928.000",,,,,,
02-Nov-2021,37.610,-1.530,-3.909%,39.000,37.500,39.140,"1,374,630","52,411,041.000","-578,337,501.000",,,,,,
01-Nov-2021,39.140,+0.550,+1.425%,38.200,38.050,39.620,"1,129,822","44,155,205.000","-525,926,460.000",,,,,,
29-Oct-2021,38.590,+0.210,+0.547%,38.360,38.100,39.270,"3,086,576","119,238,895.000","-570,081,665.000",,,,,,
28-Oct-2021,38.380,-0.770,-1.967%,38.010,37.170,38.640,"1,699,037","64,782,387.000","-689,320,560.000",,,,,,
27-Oct-2021,39.150,-0.740,-1.855%,39.650,38.430,39.850,"1,836,537","71,856,794.000","-624,538,173.000",,,,,,
26-Oct-2021,39.890,-3.020,-7.038%,41.500,39.550,42.220,"2,931,554","117,910,371.000","-552,681,379.000",,,,,,
25-Oct-2021,42.910,+3.530,+8.964%,41.200,41.200,43.620,"2,463,277","105,091,541.000","-434,771,008.000",,,,,,
22-Oct-2021,39.380,-1.650,-4.021%,40.150,39.250,40.300,"2,161,209","87,629,317.000","-539,862,549.000",,,,,,
21-Oct-2021,41.030,-0.800,-1.913%,42.190,41.030,42.400,"1,402,106","58,244,236.000","-452,233,232.000",,,,,,
20-Oct-2021,41.830,-1.050,-2.449%,42.900,41.830,43.710,"1,482,199","62,726,561.000","-393,988,996.000",,,,,,
19-Oct-2021,42.880,-0.480,-1.107%,43.240,42.310,43.340,"1,117,300","47,821,101.000","-331,262,435.000",,,,,,
18-Oct-2021,43.360,-0.010,-0.023%,43.400,42.880,43.640,"1,050,457","45,498,058.000","-283,441,334.000",,,,,,
15-Oct-2021,43.370,+0.880,+2.071%,43.200,42.760,43.590,"1,550,667","67,168,945.000","-237,943,276.000",,,,,,
14-Oct-2021,42.490,+0.210,+0.497%,42.470,41.930,42.940,"1,753,229","74,473,510.000","-305,112,221.000",,,,,,
13-Oct-2021,42.280,-2.050,-4.624%,44.330,42.220,44.400,"1,485,945","63,698,059.000","-379,585,731.000",,,,,,
12-Oct-2021,44.330,-0.490,-1.093%,45.500,43.950,45.790,"1,722,406","76,701,434.000","-315,887,672.000",,,,,,
11-Oct-2021,44.820,+1.320,+3.034%,44.600,43.610,45.130,"1,421,092","63,315,567.000","-239,186,238.000",,,,,,
08-Oct-2021,43.500,+0.760,+1.778%,43.530,43.140,44.030,"1,558,196","67,813,237.000","-302,501,805.000",,,,,,
07-Oct-2021,42.740,+0.120,+0.282%,42.670,42.300,43.200,"1,302,080","55,639,182.000","-370,315,042.000",,,,,,
06-Oct-2021,42.620,+0.050,+0.117%,42.650,41.810,43.000,"1,110,179","47,165,051.000","-425,954,224.000",,,,,,
05-Oct-2021,42.570,-0.410,-0.954%,42.330,41.430,42.570,"1,725,169","72,892,456.000","-473,119,275.000",,,,,,
04-Oct-2021,42.980,+1.240,+2.971%,42.690,42.160,43.170,"1,364,029","58,371,672.000","-400,226,819.000",,,,,,
01-Oct-2021,41.740,-3.070,-6.851%,43.450,41.670,43.580,"1,883,993","79,645,406.000","-458,598,491.000",,,,,,
30-Sep-2021,44.810,+1.480,+3.416%,43.760,43.120,45.100,"1,872,389","83,211,198.000","-378,953,085.000",,,,,,
29-Sep-2021,43.330,-2.570,-5.599%,44.340,43.050,44.500,"1,709,268","74,319,121.000","-462,164,283.000",,,,,,
28-Sep-2021,45.900,-1.740,-3.652%,47.300,45.710,47.660,"1,369,248","63,267,325.000","-387,845,162.000",,,,,,
27-Sep-2021,47.640,+1.240,+2.672%,47.300,47.120,49.060,"1,074,243","51,466,198.000","-324,577,837.000",,,,,,
24-Sep-2021,46.400,-1.390,-2.909%,48.000,46.020,48.000,"1,650,421","76,740,172.000","-376,044,035.000",,,,,,
23-Sep-2021,47.790,+1.150,+2.466%,48.600,47.090,49.560,"1,299,421","62,065,929.000","-299,303,863.000",,,,,,
22-Sep-2021,46.640,+1.020,+2.236%,45.620,44.100,47.590,"2,945,140","135,772,016.000","-361,369,792.000",,,,,,
21-Sep-2021,45.620,-0.080,-0.175%,45.190,44.970,46.700,"1,884,089","86,222,333.000","-497,141,808.000",,,,,,
20-Sep-2021,45.700,-2.560,-5.305%,46.990,44.100,47.200,"2,303,227","104,974,549.000","-410,919,475.000",,,,,,
17-Sep-2021,48.260,-4.500,-8.529%,50.200,48.180,50.460,"2,578,954","126,389,603.000","-305,944,926.000",,,,,,
16-Sep-2021,52.760,+0.340,+0.649%,52.420,52.250,53.300,"1,344,000","70,886,557.000","-179,555,323.000",,,,,,
15-Sep-2021,52.420,-0.060,-0.114%,53.440,51.110,53.450,"1,790,475","93,010,692.000","-250,441,880.000",,,,,,
14-Sep-2021,52.480,-0.090,-0.171%,52.660,51.380,53.080,"837,617","43,864,672.000","-157,431,188.000",,,,,,
13-Sep-2021,52.570,-0.590,-1.110%,52.800,51.990,53.950,"861,130","45,505,079.000","-113,566,516.000",,,,,,
10-Sep-2021,53.160,+2.810,+5.581%,51.710,51.340,53.290,"987,904","52,062,919.000","-68,061,437.000",,,,,,
09-Sep-2021,50.350,-1.350,-2.611%,51.280,49.850,52.050,"1,191,489","60,159,001.000","-120,124,356.000",,,,,,
08-Sep-2021,51.700,-0.090,-0.174%,51.640,51.210,52.420,"1,133,042","58,731,963.000","-59,965,355.000",,,,,,
07-Sep-2021,51.790,-1.940,-3.611%,54.370,50.960,54.770,"1,344,558","69,865,218.000","-1,233,392.000",,,,,,
06-Sep-2021,53.730,-0.970,-1.773%,54.790,53.450,55.040,"693,427","37,481,162.000","68,631,826.000",,,,,,
03-Sep-2021,54.700,+1.410,+2.646%,54.350,54.190,55.470,"822,116","44,960,018.000","106,112,988.000",,,,,,
02-Sep-2021,53.290,+0.190,+0.358%,53.690,52.380,53.870,"670,652","35,591,111.000","61,152,970.000",,,,,,
01-Sep-2021,53.100,-1.810,-3.296%,54.020,52.270,54.080,"937,065","49,750,767.000","25,561,859.000",,,,,,
31-Aug-2021,54.910,+1.380,+2.578%,53.990,53.990,55.610,"1,324,429","72,539,003.000","75,312,626.000",,,,,,
30-Aug-2021,53.530,+1.390,+2.666%,53.500,53.280,54.860,"870,614","46,799,802.000","2,773,623.000",,,,,,
27-Aug-2021,52.140,-0.750,-1.418%,52.970,51.880,53.560,"635,122","33,232,664.000","-44,026,179.000",,,,,,
26-Aug-2021,52.890,-1.030,-1.910%,54.990,52.640,55.480,"1,252,885","67,245,677.000","-10,793,515.000",,,,,,
25-Aug-2021,53.920,+1.830,+3.513%,53.990,53.250,54.270,"1,138,597","61,210,540.000","56,452,162.000",,,,,,
24-Aug-2021,52.090,+0.780,+1.520%,51.800,51.380,52.710,"1,099,431","57,260,493.000","-4,758,378.000",,,,,,
23-Aug-2021,51.310,+0.260,+0.509%,50.550,49.720,51.380,"1,593,813","80,851,605.000","-62,018,871.000",,,,,,
20-Aug-2021,51.050,-1.250,-2.390%,50.710,49.840,51.690,"2,214,155","112,554,447.000","-142,870,476.000",,,,,,
19-Aug-2021,52.300,-3.700,-6.607%,53.000,50.710,53.400,"2,660,118","138,453,641.000","-30,316,029.000",,,,,,
18-Aug-2021,56.000,-1.380,-2.405%,55.170,54.500,57.060,"1,337,470","75,012,659.000","108,137,612.000",,,,,,
17-Aug-2021,57.380,-2.790,-4.637%,57.400,56.710,58.000,"1,208,725","69,128,082.000","183,150,271.000",,,,,,
16-Aug-2021,60.170,-1.350,-2.194%,62.300,60.020,62.560,"1,052,602","63,998,926.000","252,278,353.000",,,,,,
13-Aug-2021,61.520,+1.580,+2.636%,59.710,59.510,61.750,"1,850,417","111,927,083.000","316,277,279.000",,,,,,
12-Aug-2021,59.940,-0.370,-0.613%,60.300,58.710,60.800,"1,408,971","84,127,685.000","204,350,196.000",,,,,,
11-Aug-2021,60.310,+0.010,+0.017%,58.990,57.080,61.890,"2,291,955","136,495,384.000","288,477,881.000",,,,,,
10-Aug-2021,60.300,+1.270,+2.151%,60.400,60.000,61.400,"808,739","48,895,212.000","151,982,497.000",,,,,,
09-Aug-2021,59.030,+0.080,+0.136%,58.200,58.100,60.400,"793,332","46,806,630.000","103,087,285.000",,,,,,
06-Aug-2021,58.950,-0.540,-0.908%,59.300,58.010,59.700,"1,160,129","67,987,409.000","56,280,655.000",,,,,,
05-Aug-2021,59.490,-1.840,-3.000%,61.030,59.360,61.470,"920,985","55,259,642.000","124,268,064.000",,,,,,
04-Aug-2021,61.330,+1.190,+1.979%,60.500,60.500,62.710,"849,208","52,311,308.000","179,527,706.000",,,,,,
03-Aug-2021,60.140,-0.130,-0.216%,60.000,59.160,60.380,"1,045,283","62,546,959.000","127,216,398.000",,,,,,
02-Aug-2021,60.270,-2.740,-4.349%,63.000,59.710,64.000,"1,280,472","77,737,581.000","189,763,357.000",,,,,,
30-Jul-2021,63.010,-0.410,-0.646%,63.620,62.970,65.380,"1,021,275","65,105,547.000","267,500,938.000",,,,,,
29-Jul-2021,63.420,+2.260,+3.695%,61.500,61.280,63.600,"829,025","52,238,228.000","332,606,485.000",,,,,,
28-Jul-2021,61.160,-0.200,-0.326%,60.900,59.600,61.550,"687,130","41,814,166.000","280,368,257.000",,,,,,
27-Jul-2021,61.360,-1.400,-2.231%,63.490,61.030,63.550,"905,497","55,928,545.000","322,182,423.000",,,,,,
26-Jul-2021,62.760,+0.970,+1.570%,62.500,62.220,63.850,"673,600","42,267,000.000","378,110,968.000",,,,,,
23-Jul-2021,61.790,+1.090,+1.796%,60.310,60.160,62.060,"591,134","36,358,762.000","335,843,968.000",,,,,,
22-Jul-2021,60.700,+1.170,+1.965%,60.250,59.980,61.160,"593,471","36,025,024.000","299,485,206.000",,,,,,
21-Jul-2021,59.530,+1.390,+2.391%,58.780,58.500,59.680,"445,890","26,463,220.000","263,460,182.000",,,,,,
20-Jul-2021,58.140,-1.130,-1.907%,58.300,57.420,58.960,"744,107","43,369,918.000","236,996,962.000",,,,,,
19-Jul-2021,59.270,-0.720,-1.200%,59.370,58.900,59.920,"481,868","28,638,905.000","280,366,880.000",,,,,,
16-Jul-2021,59.990,-1.010,-1.656%,60.620,58.900,60.940,"1,313,133","78,078,574.000","309,005,785.000",,,,,,
15-Jul-2021,61.000,+1.180,+1.973%,60.060,59.850,61.000,"602,679","36,522,501.000","387,084,359.000",,,,,,
14-Jul-2021,59.820,+0.540,+0.911%,59.790,59.440,60.400,"806,625","48,265,805.000","350,561,858.000",,,,,,
13-Jul-2021,59.280,-0.310,-0.520%,59.780,59.160,60.450,"1,014,345","60,568,551.000","302,296,053.000",,,,,,
12-Jul-2021,59.590,+2.410,+4.215%,58.260,57.930,59.770,"796,576","47,162,381.000","362,864,604.000",,,,,,
09-Jul-2021,57.180,+0.410,+0.722%,56.000,55.900,57.270,"532,036","30,197,889.000","315,702,223.000",,,,,,
08-Jul-2021,56.770,-0.730,-1.270%,58.000,56.170,58.170,"1,325,581","75,952,827.000","285,504,334.000",,,,,,
07-Jul-2021,57.500,+0.810,+1.429%,56.400,55.390,57.940,"918,781","52,443,316.000","361,457,161.000",,,,,,
06-Jul-2021,56.690,+0.240,+0.425%,57.680,56.210,57.980,"730,439","41,531,351.000","309,013,845.000",,,,,,
05-Jul-2021,56.450,+0.910,+1.638%,55.940,55.390,56.600,"618,855","34,808,134.000","267,482,494.000",,,,,,
02-Jul-2021,55.540,+2.180,+4.085%,53.890,53.785,55.540,"646,762","35,578,935.000","232,674,360.000",,,,,,
01-Jul-2021,53.360,-0.370,-0.689%,54.230,52.970,54.460,"660,395","35,303,128.000","197,095,425.000",,,,,,
30-Jun-2021,53.730,+2.090,+4.047%,52.200,52.160,54.580,"1,159,959","62,304,604.000","232,398,553.000",,,,,,
29-Jun-2021,51.640,+0.150,+0.291%,51.060,50.910,51.790,"514,840","26,512,150.000","170,093,949.000",,,,,,
28-Jun-2021,51.490,+0.760,+1.498%,50.450,50.450,51.800,"548,811","28,165,710.000","143,581,799.000",,,,,,
25-Jun-2021,50.730,+0.430,+0.855%,51.000,50.360,51.500,"610,713","31,024,535.000","115,416,089.000",,,,,,
24-Jun-2021,50.300,+1.510,+3.095%,48.980,48.790,50.770,"629,012","31,525,738.000","84,391,554.000",,,,,,
23-Jun-2021,48.790,+0.250,+0.515%,48.990,48.540,49.420,"543,092","26,520,713.000","52,865,816.000",,,,,,
22-Jun-2021,48.540,+0.790,+1.654%,48.400,48.240,49.280,"1,022,837","49,821,700.000","26,345,103.000",,,,,,
21-Jun-2021,47.750,-2.750,-5.446%,48.670,47.750,48.850,"956,551","46,059,851.000","-23,476,597.000",,,,,,
18-Jun-2021,50.500,+2.420,+5.033%,47.900,47.900,50.500,"1,521,925","75,836,571.000","22,583,254.000",,,,,,
17-Jun-2021,48.080,-0.670,-1.374%,48.800,47.250,48.960,"979,797","47,068,472.000","-53,253,317.000",,,,,,
16-Jun-2021,48.750,-2.210,-4.337%,50.720,48.400,50.920,"1,036,250","51,127,068.000","-6,184,845.000",,,,,,
15-Jun-2021,50.960,+1.530,+3.095%,49.990,49.885,51.450,"817,877","41,489,145.000","44,942,223.000",,,,,,
11-Jun-2021,49.430,+0.410,+0.836%,49.310,48.690,49.820,"594,485","29,378,838.000","3,453,078.000",,,,,,
10-Jun-2021,49.020,+0.600,+1.239%,48.230,47.960,49.520,"670,031","32,754,553.000","-25,925,760.000",,,,,,
09-Jun-2021,48.420,-0.220,-0.452%,49.560,48.400,50.690,"665,806","32,716,859.000","-58,680,313.000",,,,,,
08-Jun-2021,48.640,+0.420,+0.871%,48.080,48.020,49.050,"523,210","25,461,334.000","-25,963,454.000",,,,,,
07-Jun-2021,48.220,+0.270,+0.563%,48.350,48.220,49.390,"413,044","20,068,702.000","-51,424,788.000",,,,,,
04-Jun-2021,47.950,-0.550,-1.134%,48.000,47.560,48.300,"387,721","18,581,125.000","-71,493,490.000",,,,,,
03-Jun-2021,48.500,+0.980,+2.062%,48.000,47.450,48.650,"543,208","26,234,283.000","-52,912,365.000",,,,,,
02-Jun-2021,47.520,+0.800,+1.712%,47.590,47.310,48.250,"1,105,724","52,679,998.000","-79,146,648.000",,,,,,
01-Jun-2021,46.720,+1.340,+2.953%,45.990,45.830,46.980,"639,343","29,678,840.000","-131,826,646.000",,,,,,
31-May-2021,45.380,-0.520,-1.133%,46.130,44.430,46.200,"364,861","16,500,884.000","-161,505,486.000",,,,,,
28-May-2021,45.900,+1.900,+4.318%,45.200,44.990,46.440,"688,540","31,574,086.000","-145,004,602.000",,,,,,
27-May-2021,44.000,+0.720,+1.664%,43.310,43.190,44.410,"939,128","41,313,608.000","-176,578,688.000",,,,,,
26-May-2021,43.280,-0.400,-0.916%,43.250,42.620,43.640,"529,000","22,885,205.000","-217,892,296.000",,,,,,
25-May-2021,43.680,+0.200,+0.460%,43.500,43.130,44.010,"497,598","21,702,059.000","-195,007,091.000",,,,,,
24-May-2021,43.480,+0.430,+0.999%,43.010,42.690,44.730,"1,028,765","44,884,035.000","-216,709,150.000",,,,,,
21-May-2021,43.050,-1.920,-4.270%,44.950,43.050,45.160,"1,368,193","59,458,220.000","-261,593,185.000",,,,,,
20-May-2021,44.970,+0.070,+0.156%,44.750,43.770,45.130,"655,857","29,254,408.000","-202,134,965.000",,,,,,
19-May-2021,44.900,-1.430,-3.087%,45.480,44.630,45.510,"720,628","32,400,659.000","-231,389,373.000",,,,,,
18-May-2021,46.330,+1.530,+3.415%,45.550,44.950,46.700,"702,869","32,396,777.000","-198,988,714.000",,,,,,
17-May-2021,44.800,+0.320,+0.719%,44.800,43.470,45.110,"871,822","38,710,070.000","-231,385,491.000",,,,,,
14-May-2021,44.480,-1.250,-2.733%,45.300,44.200,46.110,"889,512","39,815,162.000","-270,095,561.000",,,,,,
13-May-2021,45.730,-1.320,-2.806%,46.700,45.550,47.370,"1,002,234","46,194,378.000","-230,280,399.000",,,,,,
12-May-2021,47.050,-1.260,-2.608%,48.280,46.015,48.280,"943,395","44,207,206.000","-184,086,021.000",,,,,,
11-May-2021,48.310,-0.980,-1.988%,48.000,47.680,49.060,"708,846","34,247,156.000","-139,878,815.000",,,,,,
10-May-2021,49.290,+1.780,+3.747%,48.270,48.215,49.790,"701,360","34,517,079.000","-105,631,659.000",,,,,,
07-May-2021,47.510,-0.060,-0.126%,47.630,47.250,47.990,"539,225","25,638,538.000","-140,148,738.000",,,,,,
06-May-2021,47.570,-0.690,-1.430%,48.700,46.900,48.735,"844,340","40,249,375.000","-114,510,200.000",,,,,,
05-May-2021,48.260,+0.440,+0.920%,47.430,47.200,48.640,"456,065","21,961,618.000","-74,260,825.000",,,,,,
04-May-2021,47.820,+0.220,+0.462%,47.610,47.180,48.180,"671,894","31,962,323.000","-96,222,443.000",,,,,,
03-May-2021,47.600,-0.150,-0.314%,48.500,47.290,48.900,"537,828","25,704,404.000","-128,184,766.000",,,,,,
30-Apr-2021,47.750,-0.040,-0.084%,47.630,46.690,47.870,"652,261","31,006,274.000","-102,480,362.000",,,,,,
29-Apr-2021,47.790,+1.610,+3.486%,46.550,46.340,48.010,"634,816","30,234,489.000","-71,474,088.000",,,,,,
28-Apr-2021,46.180,+0.130,+0.282%,46.150,45.600,46.280,"469,913","21,667,513.000","-101,708,577.000",,,,,,
27-Apr-2021,46.050,+0.300,+0.656%,46.210,45.740,46.800,"631,537","29,121,634.000","-123,376,090.000",,,,,,
26-Apr-2021,45.750,-0.120,-0.262%,46.240,45.540,46.600,"332,994","15,266,434.000","-152,497,724.000",,,,,,
23-Apr-2021,45.870,+0.820,+1.820%,44.950,44.560,46.000,"712,509","32,455,200.000","-137,231,290.000",,,,,,
22-Apr-2021,45.050,+0.700,+1.578%,45.080,43.830,45.160,"767,254","34,345,586.000","-169,686,490.000",,,,,,
21-Apr-2021,44.350,-0.730,-1.619%,43.760,43.270,44.350,"856,795","37,648,867.000","-204,032,076.000",,,,,,
20-Apr-2021,45.080,+1.320,+3.016%,43.810,43.810,45.400,"1,091,885","49,134,791.000","-166,383,209.000",,,,,,
19-Apr-2021,43.760,+0.970,+2.267%,42.880,42.600,44.080,"707,285","30,831,907.000","-215,518,000.000",,,,,,
16-Apr-2021,42.790,-2.390,-5.290%,42.980,42.560,43.840,"1,366,420","58,729,312.000","-246,349,907.000",,,,,,
15-Apr-2021,45.180,+1.690,+3.886%,45.000,44.500,46.650,"1,648,200","75,000,392.000","-187,620,595.000",,,,,,
14-Apr-2021,43.490,+2.670,+6.541%,41.080,41.080,43.630,"1,036,440","44,457,363.000","-262,620,987.000",,,,,,
13-Apr-2021,40.820,-0.340,-0.826%,41.860,40.690,42.000,"903,585","37,146,518.000","-307,078,350.000",,,,,,
12-Apr-2021,41.160,-0.040,-0.097%,41.260,40.340,41.630,"642,131","26,374,341.000","-269,931,832.000",,,,,,
09-Apr-2021,41.200,-0.090,-0.218%,41.440,41.030,42.140,"763,403","31,694,179.000","-243,557,491.000",,,,,,
08-Apr-2021,41.290,+0.480,+1.176%,40.500,40.470,41.630,"622,259","25,606,741.000","-211,863,312.000",,,,,,
07-Apr-2021,40.810,+1.090,+2.744%,40.100,40.020,40.860,"609,191","24,665,779.000","-237,470,053.000",,,,,,
06-Apr-2021,39.720,+1.070,+2.768%,39.630,39.570,40.610,"452,067","18,060,752.000","-262,135,832.000",,,,,,
01-Apr-2021,38.650,+0.630,+1.657%,37.800,37.750,39.010,"541,876","20,846,752.000","-280,196,584.000",,,,,,
31-Mar-2021,38.020,+0.940,+2.535%,37.780,37.530,38.665,"789,963","30,189,153.000","-301,043,336.000",,,,,,
30-Mar-2021,37.080,-0.860,-2.267%,38.930,37.050,38.930,"554,660","20,816,171.000","-331,232,489.000",,,,,,
29-Mar-2021,37.940,+0.940,+2.541%,37.660,37.450,38.260,"521,989","19,764,015.000","-310,416,318.000",,,,,,
26-Mar-2021,37.000,+0.840,+2.323%,36.720,36.400,37.450,"599,131","22,199,241.000","-330,180,333.000",,,,,,
25-Mar-2021,36.160,-0.190,-0.523%,36.450,35.800,36.730,"469,083","16,960,872.000","-352,379,574.000",,,,,,
24-Mar-2021,36.350,-0.160,-0.438%,36.160,35.880,36.560,"739,090","26,822,039.000","-335,418,702.000",,,,,,
23-Mar-2021,36.510,-0.990,-2.640%,37.740,36.160,38.020,"725,200","26,632,826.000","-308,596,663.000",,,,,,
22-Mar-2021,37.500,-1.550,-3.969%,39.060,37.080,39.370,"1,790,676","67,828,211.000","-281,963,837.000",,,,,,
19-Mar-2021,39.050,-0.180,-0.459%,38.900,38.210,39.310,"1,477,650","57,666,081.000","-214,135,626.000",,,,,,
18-Mar-2021,39.230,+0.880,+2.295%,38.360,38.010,39.380,"852,873","33,255,066.000","-156,469,545.000",,,,,,
17-Mar-2021,38.350,-0.380,-0.981%,38.530,37.000,38.550,"933,369","35,600,780.000","-189,724,611.000",,,,,,
16-Mar-2021,38.730,-0.700,-1.775%,39.970,38.620,39.980,"722,931","28,182,735.000","-154,123,831.000",,,,,,
15-Mar-2021,39.430,-0.720,-1.793%,40.400,39.120,40.400,"638,774","25,231,657.000","-125,941,096.000",,,,,,
12-Mar-2021,40.150,+2.070,+5.436%,39.200,39.030,40.370,"824,140","33,027,542.000","-100,709,439.000",,,,,,
11-Mar-2021,38.080,0.000,0.000%,38.830,37.340,38.830,"747,424","28,431,409.000","-133,736,981.000",,,,,,
10-Mar-2021,38.080,-0.610,-1.577%,38.590,37.510,38.620,"976,364","37,242,879.000","-105,305,572.000",,,,,,
09-Mar-2021,38.690,+0.150,+0.389%,39.950,38.600,39.950,"658,322","25,758,717.000","-68,062,693.000",,,,,,
08-Mar-2021,38.540,-0.010,-0.026%,39.500,38.540,39.980,"521,995","20,415,454.000","-93,821,410.000",,,,,,
05-Mar-2021,38.550,-0.110,-0.285%,37.990,37.540,38.640,"780,933","29,803,894.000","-73,405,956.000",,,,,,
04-Mar-2021,38.660,-0.640,-1.628%,39.590,38.350,39.590,"812,315","31,475,070.000","-43,602,062.000",,,,,,
03-Mar-2021,39.300,+0.780,+2.025%,39.160,38.880,39.630,"774,690","30,365,255.000","-12,126,992.000",,,,,,
02-Mar-2021,38.520,-0.350,-0.900%,39.770,38.450,40.080,"957,133","37,298,327.000","-42,492,247.000",,,,,,
01-Mar-2021,38.870,+0.950,+2.505%,38.000,37.920,39.320,"878,170","33,958,351.000","-5,193,920.000",,,,,,
26-Feb-2021,37.920,-1.840,-4.628%,39.000,37.920,39.000,"986,869","37,769,966.000","-39,152,271.000",,,,,,
25-Feb-2021,39.760,-0.110,-0.276%,40.240,39.550,40.420,"719,078","28,691,344.000","-1,382,305.000",,,,,,
24-Feb-2021,39.870,+0.290,+0.733%,40.610,39.280,41.300,"1,130,472","45,685,879.000","27,309,039.000",,,,,,
23-Feb-2021,39.580,-0.050,-0.126%,39.960,39.030,40.640,"1,442,869","57,282,833.000","-18,376,840.000",,,,,,
22-Feb-2021,39.630,+1.840,+4.869%,38.160,38.160,39.900,"813,302","32,053,836.000","38,905,993.000",,,,,,
19-Feb-2021,37.790,-0.960,-2.477%,38.710,37.610,38.750,"966,638","36,717,441.000","6,852,157.000",,,,,,
18-Feb-2021,38.750,+0.070,+0.181%,38.270,37.400,39.200,"1,308,694","50,318,496.000","43,569,598.000",,,,,,
17-Feb-2021,38.680,+1.800,+4.881%,37.500,37.500,38.790,"1,340,647","51,423,412.000","-6,748,898.000",,,,,,
16-Feb-2021,36.880,-0.170,-0.459%,36.710,35.980,37.160,"694,827","25,450,762.000","-58,172,310.000",,,,,,
15-Feb-2021,37.050,+1.080,+3.003%,36.200,36.200,37.050,"842,047","30,976,909.000","-32,721,548.000",,,,,,
12-Feb-2021,35.970,-0.750,-2.042%,36.200,35.445,36.260,"792,155","28,368,770.000","-63,698,457.000",,,,,,
11-Feb-2021,36.720,-0.080,-0.217%,36.800,36.610,38.490,"884,613","32,877,787.000","-35,329,687.000",,,,,,
10-Feb-2021,36.800,-0.200,-0.541%,38.330,36.150,38.480,"781,687","28,772,162.000","-2,451,900.000",,,,,,
09-Feb-2021,37.000,+0.060,+0.162%,37.530,36.270,37.530,"801,098","29,538,583.000","26,320,262.000",,,,,,
08-Feb-2021,36.940,+1.970,+5.633%,35.300,35.110,37.050,"895,050","32,569,730.000","-3,218,321.000",,,,,,
05-Feb-2021,34.970,-0.420,-1.187%,35.980,34.760,36.000,"437,260","15,334,655.000","-35,788,051.000",,,,,,
04-Feb-2021,35.390,-0.520,-1.448%,36.130,35.150,36.130,"637,954","22,630,910.000","-20,453,396.000",,,,,,
03-Feb-2021,35.910,-0.690,-1.885%,36.660,35.260,36.870,"676,091","24,194,744.000","2,177,514.000",,,,,,
02-Feb-2021,36.600,+2.010,+5.811%,35.730,35.660,36.700,"724,669","26,372,258.000","26,372,258.000",,,,,,
,,,,,,,,,,,,,,,